Chr	Start	End	Gene.refGene	HZ.23.1	HZ.23.10	HZ.23.11	HZ.23.12	HZ.23.13	HZ.23.14	HZ.23.16	HZ.23.17	HZ.23.18	HZ.23.19	HZ.23.2.13	HZ.23.2.25	HZ.23.2.27	HZ.23.2.28	HZ.23.2.31	HZ.23.2.33	HZ.23.2.34	HZ.23.2.36	HZ.23.2.40	HZ.23.2.41	HZ.23.2.42	HZ.23.2.46	HZ.23.2.48	HZ.23.2.50	HZ.23.2.51	HZ.23.2	HZ.23.20	HZ.23.21	HZ.23.22	HZ.23.23	HZ.23.24	HZ.23.25	HZ.23.26	HZ.23.28	HZ.23.29	HZ.23.3	HZ.23.31	HZ.23.32	HZ.23.33	HZ.23.34	HZ.23.4	HZ.23.5	HZ.23.7	HZ.23.8	HZ.23.9	important
chr1	12921367	12921367	PRAMEF2	0/1:8,7:15:99:211,0,284	./.	0/1:13,14:27:99:438,0,465	./.	./.	./.	./.	./.	./.	./.	./.	./.	0/1:4,4:8:99:122,0,151	./.	./.	./.	./.	./.	./.	./.	./.	./.	./.	./.	./.	./.	./.	./.	./.	./.	./.	./.	./.	./.	./.	./.	./.	./.	./.	./.	./.	./.	./.	./.	./.	NA
chr1	12921576	12921576	PRAMEF2	./.	./.	./.	0/1:4,8:12:80:264,0,80	./.	0/1:3,3:6:93:102,0,93	./.	./.	./.	./.	./.	./.	./.	1/1:0,4:4:12:145,12,0	0/1:3,5:8:73:141,0,73	./.	./.	./.	./.	./.	./.	0/1:1,3:4:22:100,0,22	0/1:1,3:4:28:107,0,28	./.	./.	./.	./.	./.	./.	./.	./.	./.	./.	0/1:1,5:6:26:173,0,26	0/1:1,4:5:29:143,0,29	./.	./.	./.	./.	1/1:0,5:5:15:190,15,0	./.	./.	./.	0/1:1,4:5:29:115,0,29	0/1:2,5:7:51:170,0,51	NA
chr1	13645907	13645907	PRAMEF15,PRAMEF27	./.	./.	./.	./.	./.	./.	./.	./.	./.	./.	./.	./.	./.	./.	./.	./.	./.	./.	./.	0/1:1,3:4:18:73,0,18	./.	./.	./.	./.	./.	./.	./.	./.	./.	./.	./.	./.	./.	./.	./.	./.	./.	./.	./.	./.	./.	./.	./.	./.	./.	NA
chr1	62971447	62971447	DOCK7	./.	./.	./.	./.	0/1:48,242:290:99:8002,0,958	./.	./.	./.	0/1:143,92:235:99:2728,0,4635	./.	./.	./.	./.	./.	./.	./.	./.	./.	./.	./.	./.	./.	./.	./.	./.	./.	./.	./.	./.	./.	./.	./.	./.	./.	0/1:152,97:249:99:2775,0,5319	./.	./.	./.	./.	0/1:120,122:242:99:3798,0,3868	./.	./.	./.	./.	./.	NA
chr1	143767357	143767357	PPIAL4G	./.	./.	./.	./.	0/1:25,31:56:99:969,0,790	./.	./.	./.	./.	./.	./.	./.	./.	./.	./.	./.	./.	0/1:26,15:41:99:485,0,894	./.	./.	./.	./.	./.	0/1:13,11:24:99:307,0,391	./.	./.	./.	./.	./.	./.	./.	./.	./.	0/1:13,16:29:99:515,0,384	0/1:25,19:44:99:526,0,803	./.	./.	./.	./.	./.	./.	./.	./.	./.	./.	NA
chr1	143767644	143767644	PPIAL4G	./.	./.	./.	./.	0/1:42,31:73:99:825,0,1953	./.	./.	./.	./.	./.	./.	./.	./.	./.	./.	./.	./.	./.	./.	./.	./.	./.	./.	./.	./.	./.	./.	./.	./.	./.	./.	./.	./.	0/1:19,14:33:99:382,0,1139	./.	./.	./.	./.	./.	./.	./.	./.	./.	./.	./.	NA
chr1	144871738	144871738	PDE4DIP	./.	./.	./.	./.	./.	./.	./.	./.	./.	0/1:2,4:6:66:125,0,66	./.	./.	./.	./.	./.	./.	./.	./.	./.	./.	./.	./.	./.	./.	./.	1/1:0,27:27:84:1144,84,0	0/1:8,7:15:99:298,0,593	./.	0/1:1,6:7:60:235,0,60	./.	./.	./.	./.	./.	./.	./.	./.	./.	./.	0/1:3,4:7:99:137,0,175	./.	./.	./.	./.	./.	*
chr1	144871755	144871755	PDE4DIP	./.	./.	./.	./.	./.	./.	./.	./.	./.	./.	./.	./.	./.	./.	./.	./.	./.	./.	./.	./.	0/1:1,3:4:27:97,0,27	./.	./.	./.	./.	1/1:0,37:37:99:1509,119,0	0/1:12,15:27:99:534,0,631	./.	0/1:1,7:8:55:278,0,55	./.	0/1:2,4:6:56:139,0,56	./.	./.	./.	0/1:2,3:5:65:89,0,65	./.	./.	./.	./.	0/1:3,6:9:99:246,0,160	./.	./.	./.	./.	./.	*
chr1	144874815	144874815	PDE4DIP	./.	0/1:1,3:4:28:99,0,28	./.	./.	./.	./.	./.	./.	./.	./.	./.	./.	./.	./.	./.	./.	./.	./.	./.	0/1:1,7:8:14:175,0,14	./.	./.	0/1:14,10:24:99:305,0,437	1/1:0,10:10:30:367,30,0	./.	1/1:0,127:127:99:4711,379,0	0/1:36,31:67:99:806,0,1086	./.	0/1:3,12:15:43:350,0,43	./.	0/1:7,7:14:99:236,0,225	./.	./.	./.	./.	./.	./.	./.	./.	./.	./.	./.	./.	./.	0/1:2,8:10:43:256,0,43	*
chr1	144877176	144877176	PDE4DIP	./.	./.	./.	./.	./.	./.	0/1:2,3:5:38:79,0,38	./.	./.	./.	./.	./.	./.	./.	./.	./.	./.	./.	./.	./.	./.	./.	1/1:0,5:5:15:174,15,0	./.	./.	1/1:0,24:24:72:868,72,0	./.	./.	./.	./.	./.	./.	./.	./.	./.	./.	./.	./.	./.	./.	./.	./.	./.	./.	./.	*
chr1	144931087	144931087	PDE4DIP	./.	./.	./.	./.	./.	./.	0/1:101,138:239:99:4365,0,2938	./.	./.	./.	./.	./.	0/1:24,32:56:99:981,0,677	0/1:49,46:95:99:1396,0,1453	./.	./.	0/1:43,28:71:99:808,0,1320	./.	./.	./.	./.	./.	./.	./.	./.	1/1:1,923:924:99:36422,2738,0	./.	0/1:7,6:13:99:207,0,233	./.	./.	./.	./.	./.	./.	./.	0/1:6,24:30:99:833,0,143	./.	./.	./.	./.	./.	./.	./.	./.	./.	*
chr1	145075775	145075775	PDE4DIP	./.	./.	./.	./.	./.	./.	./.	0/1:6,21:27:99:668,0,170	./.	0/1:38,23:61:99:698,0,1435	./.	./.	./.	./.	./.	./.	0/1:43,31:74:99:885,0,1545	./.	./.	./.	./.	./.	./.	./.	./.	./.	./.	./.	./.	./.	./.	./.	./.	./.	./.	./.	./.	./.	./.	./.	./.	./.	./.	./.	./.	*
chr1	228475848	228475848	OBSCN	0/1:75,197:272:99:6112,0,2169	0/1:138,826:964:99:26087,0,2227	1/1:3,147:150:99:5002,315,0	0/1:120,188:308:99:5793,0,3899	0/1:1,7:8:18:244,0,18	./.	0/1:1488,1481:2969:99:43149,0,49956	1/1:2,28:30:20:857,20,0	./.	./.	./.	1/1:8,192:200:99:6226,259,0	./.	./.	./.	1/1:8,696:704:99:24484,1891,0	./.	1/1:30,859:889:99:27914,1555,0	1/1:8,816:824:99:28248,2224,0	1/1:1,94:95:99:3260,250,0	./.	0/1:5,34:39:56:1064,0,56	1/1:1,110:111:99:3817,294,0	1/1:0,12:12:36:453,36,0	./.	./.	./.	./.	0/1:144,309:453:99:9324,0,4468	./.	./.	1/1:2,429:431:99:15185,1239,0	./.	./.	./.	0/1:307,793:1100:99:24914,0,9064	./.	0/1:71,83:154:99:2521,0,2418	0/1:687,1019:1706:99:30799,0,22517	0/1:19,28:47:99:887,0,634	./.	./.	./.	./.	1/1:8,234:242:99:7922,372,0	*
chr1	229641852	229641852	NUP133	./.	./.	0/1:3,22:25:35:781,0,35	./.	0/1:2,13:15:31:460,0,31	./.	./.	./.	0/1:14,26:40:99:1013,0,372	./.	./.	./.	./.	./.	./.	./.	./.	./.	./.	./.	./.	./.	./.	./.	./.	./.	./.	./.	./.	./.	./.	./.	./.	./.	0/1:2,23:25:1:769,0,1	./.	./.	./.	./.	0/1:12,20:32:99:700,0,353	./.	1/1:1,21:22:25:808,25,0	./.	./.	./.	NA
chr2	27888070	27888070	SLC4A1AP	0/1:30,30:60:99:1040,0,900	0/1:23,18:41:99:628,0,736	./.	0/1:5,32:37:65:1103,0,65	./.	./.	./.	0/1:12,75:87:99:2734,0,178	0/1:11,16:27:99:568,0,360	./.	./.	./.	./.	./.	./.	./.	./.	./.	./.	./.	./.	./.	./.	./.	./.	./.	./.	1/1:1,13:14:1:505,1,0	./.	./.	./.	./.	1/1:0,38:38:99:1534,114,0	0/1:3,22:25:45:883,0,45	./.	./.	./.	./.	0/1:16,14:30:99:507,0,510	0/1:32,22:54:99:702,0,1032	./.	1/1:1,16:17:13:617,13,0	./.	./.	./.	NA
chr2	32713706	32713706	BIRC6	0/1:1,4:5:25:142,0,25	./.	./.	./.	./.	1/1:0,4:4:12:150,12,0	./.	1/1:0,4:4:12:160,12,0	0/1:2,4:6:49:135,0,49	./.	./.	./.	./.	./.	./.	0/1:1,9:10:7:323,0,7	./.	./.	./.	./.	./.	./.	0/1:1,8:9:8:275,0,8	./.	./.	./.	./.	./.	./.	./.	./.	1/1:0,6:6:18:206,18,0	./.	./.	./.	./.	./.	0/1:2,5:7:60:149,0,60	1/1:0,4:4:12:134,12,0	0/1:1,6:7:16:223,0,16	./.	./.	./.	./.	./.	NA
chr2	43799985	43799985	THADA	0/1:72,84:156:99:2874,0,2297	./.	0/1:4,18:22:79:697,0,79	1/1:1,30:31:52:1188,52,0	./.	./.	./.	0/1:14,24:38:99:817,0,411	0/1:56,44:100:99:1528,0,1932	./.	./.	./.	./.	./.	./.	./.	./.	./.	./.	./.	./.	./.	./.	./.	./.	./.	./.	./.	./.	./.	./.	./.	./.	./.	./.	./.	./.	./.	./.	./.	./.	./.	0/1:22,75:97:99:2707,0,541	1/1:10,265:275:99:10502,421,0	./.	NA
chr2	96594858	96594858	ANKRD36C	./.	./.	1/1:0,4:4:12:180,12,0	./.	./.	1/1:0,7:7:21:315,21,0	./.	./.	./.	./.	1/1:0,6:6:18:270,18,0	./.	./.	./.	1/1:0,6:6:24:360,24,0	./.	./.	1/1:0,4:4:12:180,12,0	./.	./.	0/1:1,3:4:92:123,0,92	./.	1/1:0,7:7:21:315,21,0	1/1:0,7:7:21:315,21,0	1/1:0,4:4:12:180,12,0	0/1:2,7:9:99:288,0,141	./.	./.	0/1:2,2:4:75:120,0,75	./.	./.	./.	./.	./.	./.	./.	./.	./.	./.	0/1:1,4:5:70:165,0,70	./.	./.	./.	1/1:0,4:4:12:180,12,0	./.	NA
chr2	124979327	124979327	CNTNAP5	0/1:43,26:69:99:827,0,1500	./.	./.	0/1:5,22:27:99:834,0,118	./.	./.	./.	1/1:1,19:20:30:709,30,0	0/1:30,20:50:99:727,0,938	./.	./.	./.	./.	./.	./.	./.	./.	./.	./.	./.	./.	./.	./.	./.	./.	./.	./.	./.	./.	./.	./.	./.	./.	0/1:11,41:52:99:1555,0,296	0/1:39,23:62:99:791,0,1303	./.	./.	./.	./.	0/1:45,34:79:99:1214,0,1479	./.	1/1:1,26:27:39:1047,39,0	./.	./.	./.	NA
chr3	47890834	47890834	DHX30	0/1:205,222:427:99:7126,0,6457	./.	./.	./.	./.	./.	./.	1/1:2,388:390:99:14765,1092,0	./.	./.	./.	./.	./.	./.	./.	./.	./.	./.	./.	./.	./.	./.	./.	./.	./.	./.	./.	./.	./.	./.	./.	./.	0/1:245,181:426:99:5855,0,7760	./.	0/1:59,259:318:99:9206,0,1211	./.	0/1:67,165:232:99:5542,0,1751	./.	./.	1/1:17,222:239:51:8088,51,0	./.	./.	./.	./.	./.	NA
chr3	75714702	75714702	FRG2C	./.	./.	./.	./.	./.	0/1:1,6:7:20:233,0,20	./.	./.	./.	./.	./.	./.	./.	./.	0/1:12,17:29:99:529,0,337	./.	./.	./.	./.	./.	./.	./.	./.	0/1:3,5:8:83:139,0,83	./.	./.	0/1:9,7:16:99:235,0,282	./.	./.	./.	./.	./.	./.	./.	./.	./.	./.	./.	0/1:12,12:24:99:391,0,366	./.	./.	0/1:2,3:5:60:112,0,60	1/1:1,72:73:99:2837,181,0	1/1:0,10:10:30:399,30,0	./.	NA
chr3	75714806	75714806	FRG2C	./.	./.	./.	./.	./.	./.	./.	./.	./.	./.	./.	./.	./.	./.	./.	./.	./.	./.	./.	./.	./.	./.	./.	./.	./.	./.	./.	./.	./.	./.	./.	./.	./.	./.	./.	./.	./.	./.	./.	./.	./.	./.	1/1:0,12:12:36:540,36,0	./.	./.	NA
chr3	75714807	75714807	FRG2C	./.	./.	./.	./.	./.	./.	./.	./.	./.	./.	./.	./.	./.	./.	./.	./.	./.	./.	./.	./.	./.	./.	./.	./.	./.	./.	./.	./.	./.	./.	./.	./.	./.	./.	./.	./.	./.	./.	./.	./.	./.	./.	1/1:0,12:12:36:540,36,0	./.	./.	NA
chr3	75714825	75714825	FRG2C	./.	./.	./.	./.	./.	./.	./.	./.	./.	./.	./.	./.	./.	./.	./.	./.	./.	./.	./.	./.	./.	./.	./.	./.	./.	./.	./.	./.	./.	./.	./.	./.	./.	./.	0/1:4,4:8:99:139,0,139	./.	./.	./.	./.	./.	./.	./.	1/1:0,10:10:30:345,30,0	./.	./.	NA
chr3	75714840	75714840	FRG2C	./.	./.	./.	./.	./.	./.	./.	./.	./.	0/1:6,4:10:99:150,0,1020	./.	./.	./.	./.	./.	./.	./.	./.	./.	./.	./.	./.	./.	./.	./.	./.	./.	./.	./.	./.	./.	./.	./.	./.	0/1:1,3:4:63:123,0,63	./.	./.	./.	./.	./.	./.	./.	0/1:2,7:9:22:225,0,22	./.	./.	NA
chr3	75714843	75714843	FRG2C	./.	./.	./.	./.	./.	./.	./.	./.	./.	0/1:6,4:10:99:150,0,1020	./.	./.	./.	./.	./.	./.	./.	./.	./.	./.	./.	./.	./.	./.	./.	./.	./.	./.	./.	./.	./.	./.	./.	./.	0/1:1,3:4:63:123,0,63	./.	./.	./.	./.	./.	./.	./.	1/1:0,9:9:27:405,27,0	./.	./.	NA
chr3	75715118	75715118	FRG2C	./.	./.	./.	./.	./.	./.	./.	./.	./.	./.	./.	./.	./.	./.	./.	./.	./.	./.	./.	./.	./.	./.	./.	./.	./.	./.	./.	./.	./.	./.	./.	./.	./.	./.	./.	./.	./.	./.	./.	./.	./.	./.	1/1:0,13:13:39:584,39,0	./.	./.	NA
chr3	75715124	75715124	FRG2C	./.	./.	./.	./.	./.	./.	./.	./.	./.	./.	./.	./.	./.	./.	./.	./.	./.	./.	./.	./.	./.	./.	./.	./.	./.	./.	./.	./.	./.	./.	./.	./.	./.	./.	./.	./.	./.	./.	./.	./.	./.	./.	1/1:0,13:13:39:584,39,0	./.	./.	NA
chr3	75715173	75715173	FRG2C	./.	./.	./.	./.	./.	./.	./.	./.	./.	./.	./.	./.	./.	./.	./.	./.	./.	./.	./.	./.	./.	./.	./.	./.	./.	./.	./.	./.	./.	./.	./.	./.	./.	./.	./.	./.	./.	./.	./.	./.	./.	./.	1/1:0,9:9:27:368,27,0	./.	./.	NA
chr3	75715181	75715181	FRG2C	./.	./.	./.	./.	./.	./.	./.	./.	./.	0/1:2,2:4:71:78,0,71	./.	./.	./.	./.	./.	./.	./.	./.	./.	./.	./.	./.	./.	./.	./.	./.	./.	./.	./.	./.	./.	./.	./.	./.	./.	./.	./.	./.	./.	./.	./.	./.	1/1:0,7:7:21:315,21,0	./.	./.	NA
chr3	75786042	75786042	ZNF717	./.	./.	./.	./.	./.	./.	./.	0/1:155,98:253:99:3557,0,6164	./.	./.	./.	./.	./.	./.	./.	./.	./.	./.	0/1:123,69:192:99:2460,0,5074	./.	./.	./.	./.	./.	0/1:104,81:185:99:3040,0,4204	./.	./.	./.	./.	./.	0/1:154,101:255:99:3500,0,6275	./.	./.	0/1:155,102:257:99:3125,0,6397	./.	./.	./.	./.	./.	0/1:88,52:140:99:1544,0,3489	0/1:110,151:261:99:5753,0,4291	./.	0/1:9,59:68:99:2492,0,197	./.	./.	*
chr3	75786244	75786244	ZNF717	./.	./.	0/1:185,576:761:99:19269,0,5858	./.	0/1:275,211:486:99:6881,0,10123	./.	./.	0/1:243,191:434:99:5913,0,8645	./.	./.	./.	./.	./.	0/1:178,136:314:99:4261,0,6446	./.	./.	./.	./.	./.	0/1:46,88:134:99:2930,0,1641	./.	./.	./.	./.	./.	1/1:4,213:217:99:8440,477,0	./.	./.	./.	./.	./.	./.	./.	./.	./.	./.	0/1:182,152:334:99:4813,0,6477	./.	./.	./.	./.	./.	./.	./.	./.	*
chr3	75786618	75786618	ZNF717	./.	./.	./.	./.	./.	./.	./.	./.	./.	./.	./.	./.	./.	./.	./.	./.	./.	./.	0/1:195,171:366:99:4738,0,7996	./.	./.	./.	./.	./.	./.	./.	./.	./.	./.	./.	./.	./.	./.	0/1:275,229:504:99:6985,0,10068	./.	./.	./.	./.	./.	0/1:151,103:254:99:2911,0,5647	0/1:195,286:481:99:8657,0,7831	0/1:167,141:308:99:4059,0,5861	0/1:9,94:103:95:3920,0,95	0/1:77,212:289:99:6976,0,2267	./.	*
chr3	75786737	75786737	ZNF717	./.	./.	./.	./.	0/1:299,227:526:99:8574,0,11982	0/1:51,31:82:99:1148,0,2048	0/1:295,137:432:99:4971,0,12010	0/1:226,165:391:99:6309,0,9085	0/1:181,101:282:99:3650,0,7247	./.	./.	0/1:139,87:226:99:3270,0,5958	./.	0/1:138,158:296:99:6247,0,5607	0/1:156,147:303:99:5650,0,6104	./.	./.	./.	./.	./.	0/1:206,138:344:99:5227,0,8111	0/1:122,113:235:99:4325,0,4761	./.	./.	./.	1/1:1,176:177:99:7853,453,0	./.	./.	./.	./.	./.	./.	0/1:101,65:166:99:2447,0,4068	0/1:291,147:438:99:5323,0,11848	./.	0/1:177,142:319:99:5395,0,6958	0/1:154,201:355:99:7952,0,5911	./.	0/1:88,150:238:99:6046,0,3294	0/1:194,86:280:99:3015,0,7951	./.	0/1:164,116:280:99:4429,0,6673	./.	./.	./.	*
chr3	75786802	75786802	ZNF717	./.	./.	./.	./.	0/1:333,245:578:99:8960,0,13392	0/1:54,41:95:99:1531,0,1898	0/1:283,128:411:99:4380,0,11318	0/1:255,150:405:99:5278,0,10149	0/1:175,90:265:99:3186,0,7188	./.	./.	./.	./.	0/1:128,139:267:99:5272,0,4726	0/1:150,142:292:99:5348,0,5888	./.	./.	./.	./.	./.	0/1:212,139:351:99:5073,0,8448	0/1:115,116:231:99:4423,0,4600	./.	./.	./.	1/1:0,160:160:99:7605,509,0	./.	./.	./.	./.	./.	./.	0/1:92,63:155:99:2220,0,3533	0/1:299,149:448:99:5186,0,11489	./.	0/1:185,142:327:99:5385,0,7033	0/1:164,160:324:99:5980,0,6501	./.	0/1:64,150:214:99:5952,0,2546	0/1:170,83:253:99:2806,0,6791	./.	0/1:164,137:301:99:5204,0,6256	./.	./.	./.	*
chr3	75786910	75786910	ZNF717	./.	./.	./.	./.	./.	./.	./.	0/1:297,175:472:99:5539,0,10768	./.	./.	./.	./.	./.	./.	./.	./.	./.	./.	./.	./.	./.	./.	./.	./.	./.	./.	./.	./.	./.	./.	./.	./.	./.	./.	./.	./.	./.	./.	./.	0/1:176,119:295:99:3889,0,6596	./.	0/1:174,156:330:99:5446,0,5680	0/1:17,78:95:99:3216,0,492	0/1:112,237:349:99:8556,0,3776	./.	*
chr3	75787194	75787194	ZNF717	./.	./.	./.	./.	./.	0/1:72,36:108:99:1238,0,2832	0/1:377,219:596:99:7685,0,23952	./.	./.	./.	./.	./.	./.	./.	./.	./.	./.	./.	./.	./.	./.	./.	./.	./.	./.	./.	./.	./.	./.	./.	./.	./.	./.	0/1:291,283:574:99:10686,0,10662	./.	./.	./.	./.	./.	./.	0/1:143,201:344:99:7991,0,4279	./.	./.	0/1:137,360:497:99:14407,0,4527	./.	*
chr3	75787276	75787276	ZNF717	./.	./.	1/1:47,764:811:99:32539,409,0	0/1:58,567:625:99:23662,0,695	0/1:360,227:587:99:8381,0,14629	./.	./.	0/1:287,214:501:99:8190,0,11502	0/1:178,110:288:99:3863,0,7228	./.	./.	./.	./.	./.	0/1:194,207:401:99:8082,0,7706	./.	./.	./.	./.	0/1:15,111:126:99:4624,0,332	./.	./.	./.	0/1:31,23:54:99:862,0,1232	./.	1/1:0,203:203:99:9360,626,0	0/1:64,96:160:99:3743,0,2403	./.	./.	./.	./.	./.	0/1:119,86:205:99:3332,0,4679	0/1:317,170:487:99:6230,0,12756	./.	./.	0/1:185,204:389:99:8002,0,7095	./.	0/1:171,191:362:99:7581,0,5580	./.	./.	0/1:212,149:361:99:5820,0,8504	./.	./.	./.	*
chr3	75787317	75787317	ZNF717	./.	./.	1/1:47,829:876:99:33847,573,0	0/1:54,611:665:99:24648,0,384	./.	0/1:67,62:129:99:2230,0,2557	./.	0/1:331,236:567:99:8599,0,13143	0/1:199,110:309:99:3839,0,7928	./.	./.	./.	./.	./.	0/1:179,230:409:99:8705,0,6987	./.	./.	./.	./.	0/1:16,131:147:99:5160,0,308	./.	./.	./.	0/1:36,21:57:99:748,0,1422	./.	1/1:0,216:216:99:9541,653,0	0/1:74,101:175:99:3885,0,2682	./.	./.	./.	./.	./.	0/1:130,93:223:99:3302,0,5081	0/1:362,174:536:99:6042,0,14338	./.	./.	0/1:193,218:411:99:8233,0,7561	./.	0/1:178,179:357:99:6656,0,6000	./.	./.	0/1:235,161:396:99:5826,0,9244	./.	./.	./.	*
chr3	75787349	75787353	ZNF717	./.	./.	1/1:48,832:880:99:29419,670,0	0/1:56,645:701:99:26035,0,203	./.	0/1:68,57:125:99:2218,0,2596	./.	0/1:326,254:580:99:9317,0,12672	0/1:198,94:292:99:3231,0,7990	./.	./.	./.	./.	./.	0/1:199,232:431:99:8930,0,7474	./.	./.	./.	./.	0/1:14,137:151:99:5457,0,150	./.	./.	./.	0/1:34,28:62:99:992,0,1359	./.	1/1:0,204:204:99:9626,653,0	0/1:67,104:171:99:4069,0,2627	./.	./.	./.	./.	./.	0/1:126,79:205:99:2820,0,4933	0/1:409,186:595:99:6423,0,14558	./.	./.	0/1:199,212:411:99:7992,0,7662	./.	0/1:185,151:336:99:5630,0,6331	./.	./.	0/1:250,161:411:99:5993,0,9578	./.	./.	./.	*
chr3	75787353	75787353	ZNF717	./.	./.	1/1:38,838:876:99:38550,1082,0	1/1:7,655:662:99:30422,1818,0	./.	./.	./.	./.	./.	./.	./.	./.	./.	./.	./.	./.	./.	./.	./.	1/1:7,136:143:99:5996,131,0	./.	./.	./.	./.	./.	1/1:0,204:204:99:9626,653,0	./.	./.	./.	./.	./.	./.	./.	./.	./.	./.	./.	./.	0/1:109,168:277:99:5946,0,3214	./.	./.	./.	./.	./.	./.	*
chr3	75788033	75788033	ZNF717	./.	./.	0/1:261,1302:1563:99:44641,0,7441	0/1:639,620:1259:99:20209,0,22905	0/1:583,428:1011:99:13665,0,22139	./.	0/1:479,291:770:99:8828,0,22742	0/1:484,361:845:99:11269,0,19878	0/1:277,166:443:99:4894,0,10233	./.	./.	./.	./.	0/1:255,258:513:99:8113,0,12447	./.	./.	./.	./.	./.	0/1:91,160:251:99:5264,0,3699	./.	0/1:198,144:342:99:4206,0,9109	./.	./.	./.	1/1:4,359:363:99:13913,926,0	./.	./.	./.	./.	./.	./.	0/1:235,174:409:99:5386,0,8857	0/1:572,304:876:99:9288,0,25054	./.	0/1:486,330:816:99:10574,0,18370	0/1:344,335:679:99:10611,0,12733	./.	./.	./.	./.	./.	./.	./.	./.	*
chr3	75788403	75788403	ZNF717	./.	./.	0/1:109,692:801:99:21842,0,1772	0/1:110,482:592:99:14602,0,1990	0/1:250,215:465:99:6214,0,8097	./.	./.	0/1:251,153:404:99:4197,0,7774	0/1:138,105:243:99:2958,0,4466	./.	./.	./.	./.	0/1:109,145:254:99:4258,0,3888	0/1:128,167:295:99:4929,0,3743	./.	./.	./.	./.	0/1:52,82:134:99:2515,0,1661	./.	0/1:85,67:152:99:1877,0,2690	./.	./.	./.	1/1:0,157:157:99:5528,475,0	./.	./.	0/1:187,128:315:99:3584,0,6099	./.	./.	./.	./.	./.	./.	0/1:233,157:390:99:4345,0,8826	0/1:166,142:308:99:4107,0,5101	./.	0/1:149,134:283:99:3899,0,4731	./.	./.	0/1:156,155:311:99:4532,0,4621	./.	./.	./.	*
chr3	75790820	75790820	ZNF717	./.	./.	./.	./.	./.	./.	./.	./.	./.	./.	./.	./.	./.	./.	./.	./.	./.	./.	./.	./.	./.	./.	./.	0/1:13,26:39:99:1050,0,534	./.	./.	./.	./.	./.	./.	0/1:95,43:138:99:1474,0,3866	./.	./.	./.	./.	./.	./.	./.	./.	./.	./.	./.	./.	./.	./.	*
chr3	75790837	75790838	ZNF717	./.	./.	./.	./.	./.	0/2:22:99	./.	./.	./.	./.	./.	./.	./.	./.	./.	./.	./.	./.	0/1:79:99	0/2:22:99	./.	./.	./.	./.	./.	2/2:76:99	0/2:54:99	./.	./.	./.	./.	./.	./.	./.	./.	./.	./.	./.	./.	./.	./.	./.	./.	./.	./.	*
chr3	75790837	75790840	ZNF717	./.	./.	./.	./.	./.	0/2:22:99	./.	./.	./.	./.	./.	./.	./.	./.	./.	./.	./.	./.	0/1:79:99	0/2:22:99	./.	./.	./.	./.	./.	2/2:76:99	0/2:54:99	./.	./.	./.	./.	./.	./.	./.	./.	./.	./.	./.	./.	./.	./.	./.	./.	./.	./.	*
chr3	75790837	75790837	ZNF717	./.	./.	./.	./.	./.	./.	./.	./.	./.	./.	./.	./.	./.	./.	./.	./.	./.	./.	./.	./.	./.	./.	./.	0/1:15,21:36:99:918,0,627	./.	./.	./.	./.	./.	./.	./.	./.	./.	./.	./.	./.	./.	./.	./.	./.	./.	./.	./.	./.	./.	*
chr3	75790840	75790966	ZNF717	./.	./.	./.	./.	./.	./.	./.	./.	./.	./.	./.	./.	./.	./.	./.	./.	./.	./.	0/1:49,47:96:99:1361,0,2059	./.	./.	./.	./.	./.	./.	./.	./.	./.	./.	./.	./.	0/1:97,66:163:99:2235,0,3856	./.	./.	./.	./.	./.	./.	./.	./.	0/1:88,158:246:99:5294,0,3215	./.	./.	0/1:26,92:118:99:2990,0,607	./.	*
chr3	75790842	75790966	ZNF717	./.	./.	./.	0/1:56,204:260:99:6636,0,1563	./.	0/1:16,14:30:99:582,0,627	./.	./.	./.	./.	./.	./.	./.	./.	./.	./.	./.	./.	./.	0/1:11,17:28:99:721,0,408	./.	./.	./.	./.	./.	1/1:0,76:76:99:3465,232,0	./.	./.	./.	./.	./.	./.	./.	./.	./.	./.	./.	./.	./.	./.	./.	0/1:44,69:113:99:2261,0,1240	./.	./.	./.	*
chr3	75790860	75790860	ZNF717	./.	./.	./.	./.	./.	./.	./.	./.	./.	./.	./.	./.	./.	./.	./.	./.	./.	./.	./.	./.	./.	./.	./.	0/1:14,8:22:99:336,0,585	./.	./.	./.	./.	./.	./.	./.	./.	./.	./.	./.	./.	./.	./.	./.	./.	./.	./.	./.	./.	./.	*
chr3	111343200	111343200	CD96	0/1:51,35:86:99:1111,0,1608	./.	./.	./.	1/1:3,92:95:99:3434,200,0	./.	./.	./.	0/1:20,35:55:99:1213,0,574	./.	./.	./.	./.	./.	./.	./.	./.	./.	./.	./.	./.	./.	./.	./.	./.	./.	./.	./.	./.	./.	./.	./.	./.	0/1:6,24:30:99:924,0,131	./.	./.	0/1:8,9:17:99:254,0,218	./.	./.	0/1:52,29:81:99:934,0,1653	./.	./.	./.	0/1:85,41:126:99:1291,0,2751	./.	NA
chr4	88537063	88537063	DSPP	./.	./.	./.	./.	./.	./.	./.	./.	./.	./.	./.	./.	./.	./.	./.	./.	./.	./.	./.	./.	./.	./.	./.	1/1:0,23:23:69:916,69,0	./.	./.	./.	./.	./.	./.	./.	./.	./.	1/1:0,6:6:16:191,16,0	0/1:1,3:4:89:120,0,89	1/1:0,6:6:16:173,16,0	./.	./.	./.	./.	./.	./.	./.	1/1:0,6:6:18:268,18,0	./.	NA
chr4	88537073	88537081	DSPP	./.	./.	./.	./.	./.	./.	./.	./.	./.	./.	./.	./.	./.	./.	./.	./.	./.	./.	./.	./.	./.	./.	./.	1/1:0,17:17:54:753,54,0	./.	./.	./.	./.	./.	./.	./.	./.	./.	./.	./.	./.	./.	./.	./.	./.	./.	./.	./.	1/1:0,6:6:17:266,17,0	./.	NA
chr4	110441547	110441547	SEC24B	./.	1/1:1,45:46:98:1828,98,0	1/1:0,5:5:15:203,15,0	1/1:2,31:33:18:1186,18,0	1/1:0,4:4:12:136,12,0	0/1:2,3:5:59:109,0,59	./.	1/1:0,34:34:99:1422,102,0	1/1:1,23:24:30:928,30,0	./.	./.	./.	./.	./.	./.	./.	./.	./.	./.	./.	./.	./.	./.	./.	./.	./.	./.	1/1:0,15:15:45:588,45,0	./.	./.	./.	./.	1/1:1,15:16:7:612,7,0	1/1:0,12:12:36:490,36,0	0/1:2,14:16:30:556,0,30	./.	./.	./.	0/1:3,15:18:34:581,0,34	1/1:0,11:11:33:407,33,0	./.	./.	1/1:0,27:27:81:1088,81,0	./.	./.	NA
chr5	1477565	1477565	LPCAT1	./.	./.	./.	1/1:1,27:28:44:922,44,0	./.	./.	./.	./.	0/1:32,49:81:99:1666,0,997	./.	./.	./.	./.	./.	./.	./.	./.	./.	./.	./.	./.	./.	./.	./.	./.	./.	./.	./.	1/1:0,91:91:99:3560,274,0	0/1:6,7:13:99:180,0,200	./.	./.	./.	0/1:14,47:61:99:1716,0,333	0/1:29,74:103:99:2537,0,718	./.	./.	0/1:32,30:62:99:908,0,968	0/1:20,35:55:99:1135,0,595	1/1:0,35:35:99:1308,105,0	./.	0/1:7,51:58:75:1681,0,75	./.	1/1:1,65:66:99:2542,160,0	./.	NA
chr5	55110869	55110869	DDX4	./.	0/1:13,14:27:99:453,0,479	./.	0/1:23,144:167:99:5314,0,443	1/1:1,127:128:99:5150,339,0	./.	./.	0/1:22,21:43:99:722,0,747	0/1:9,104:113:58:3936,0,58	./.	./.	./.	./.	./.	./.	./.	./.	./.	./.	./.	./.	./.	./.	./.	./.	./.	./.	1/1:5,299:304:99:12214,697,0	0/1:8,20:28:99:744,0,261	./.	./.	./.	1/1:2,103:105:99:4176,247,0	0/1:14,43:57:99:1610,0,340	0/1:6,64:70:51:2362,0,51	0/1:63,32:95:99:1057,0,2262	0/1:46,38:84:99:1313,0,1514	./.	0/1:41,21:62:99:669,0,1532	0/1:3,7:10:99:279,0,102	./.	./.	./.	1/1:1,90:91:99:3718,251,0	./.	NA
chr5	79372706	79372706	THBS4	./.	./.	./.	./.	1/1:0,117:117:99:4896,352,0	./.	./.	1/1:0,66:66:99:2673,199,0	0/1:6,36:42:99:1381,0,135	./.	./.	./.	./.	./.	./.	./.	./.	./.	./.	./.	./.	./.	./.	./.	./.	./.	./.	1/1:0,4:4:12:139,12,0	./.	./.	./.	./.	1/1:0,60:60:99:2426,180,0	1/1:0,19:19:57:780,57,0	0/1:6,42:48:99:1672,0,118	./.	0/1:14,10:24:99:324,0,517	./.	0/1:6,33:39:73:1192,0,73	1/1:0,75:75:99:2963,225,0	./.	1/1:0,45:45:99:1849,135,0	./.	./.	./.	NA
chr5	176520462	176520462	FGFR4	./.	./.	./.	0/1:55,349:404:99:11527,0,687	./.	./.	./.	./.	./.	./.	./.	./.	./.	./.	./.	./.	./.	./.	./.	./.	./.	./.	./.	./.	./.	./.	./.	./.	./.	./.	./.	./.	./.	./.	0/1:494,872:1366:99:28158,0,13821	./.	./.	./.	./.	0/1:26,176:202:99:6080,0,362	./.	0/1:7,43:50:94:1423,0,94	./.	1/1:5,488:493:99:17938,1345,0	./.	NA
chr6	30954375	30954378	MUC21	./.	./.	./.	./.	./.	./.	./.	./.	./.	./.	./.	./.	./.	./.	./.	./.	./.	./.	./.	./.	./.	./.	0/1:31,24:55:99:1067,0,1071	./.	0/1:2,3:5:70:120,0,70	./.	./.	./.	./.	./.	./.	./.	./.	./.	0/1:34,16:50:99:613,0,1860	./.	./.	0/1:14,8:22:99:337,0,3166	./.	./.	./.	./.	./.	./.	./.	NA
chr6	30954378	30954378	MUC21	./.	./.	./.	./.	./.	./.	./.	./.	./.	./.	./.	./.	./.	./.	./.	./.	./.	./.	./.	./.	./.	./.	0/1:28,24:52:99:918,0,1041	./.	0/1:2,3:5:70:120,0,70	./.	./.	./.	./.	./.	./.	./.	./.	./.	0/1:33,15:48:99:529,0,1866	./.	./.	0/1:14,8:22:99:295,0,3169	./.	./.	./.	./.	./.	./.	./.	NA
chr6	30954684	30954685	MUC21	./.	./.	./.	./.	./.	./.	./.	./.	./.	./.	./.	./.	./.	./.	./.	./.	./.	0/1:5,6:11:99:162,0,174	./.	./.	./.	./.	./.	./.	./.	./.	./.	./.	./.	./.	./.	./.	./.	./.	./.	./.	./.	./.	./.	./.	./.	./.	./.	./.	./.	NA
chr6	30954694	30954694	MUC21	./.	./.	./.	./.	./.	./.	./.	./.	./.	./.	./.	./.	./.	./.	./.	./.	./.	./.	./.	./.	./.	./.	./.	./.	./.	./.	./.	./.	./.	./.	./.	./.	./.	./.	0/1:8,5:13:99:170,0,526	1/1:0,4:4:21:315,21,0	./.	./.	./.	./.	./.	./.	./.	./.	./.	NA
chr6	30954729	30954729	MUC21	./.	./.	./.	./.	./.	./.	./.	./.	./.	./.	./.	./.	./.	./.	./.	./.	./.	./.	./.	./.	./.	./.	./.	./.	./.	./.	./.	./.	0/1:6,4:10:99:150,0,307	./.	./.	./.	./.	./.	0/1:9,5:14:99:170,0,553	0/1:1,16:17:24:650,0,24	./.	./.	./.	./.	./.	./.	./.	./.	./.	NA
chr6	30954909	30954909	MUC21	./.	./.	./.	./.	./.	./.	./.	./.	0/1:5,14:19:99:471,0,180	./.	./.	./.	./.	./.	./.	./.	./.	0/1:3,13:16:99:474,0,379	./.	./.	./.	./.	0/1:13,22:35:99:853,0,1633	./.	./.	./.	./.	./.	./.	./.	0/1:2,4:6:97:97,0,252	./.	0/1:10,10:20:99:285,0,511	./.	./.	0/1:5,12:17:99:448,0,510	./.	./.	./.	./.	./.	./.	./.	./.	./.	NA
chr6	30954919	30954919	MUC21	./.	./.	./.	./.	./.	./.	./.	./.	0/1:5,9:14:99:455,0,143	./.	./.	./.	./.	./.	./.	./.	./.	0/1:3,7:10:99:365,0,440	./.	./.	./.	./.	0/1:16,18:34:99:739,0,1987	./.	./.	./.	./.	./.	./.	./.	./.	./.	./.	./.	./.	0/1:5,10:15:99:416,0,513	./.	./.	./.	./.	./.	./.	./.	./.	./.	NA
chr6	30954920	30954920	MUC21	./.	./.	./.	./.	./.	./.	./.	./.	0/1:5,9:14:99:452,0,200	./.	./.	./.	./.	./.	./.	./.	./.	0/1:4,6:10:99:365,0,440	./.	./.	./.	./.	0/1:18,17:35:99:739,0,1987	./.	./.	./.	./.	./.	./.	./.	./.	./.	0/1:10,3:13:99:162,0,500	./.	./.	0/1:5,10:15:99:382,0,516	./.	./.	./.	./.	./.	./.	./.	./.	./.	NA
chr6	32546879	32546879	HLA-DRB1	0/1:22,17:39:99:602,0,915	./.	./.	./.	./.	./.	./.	./.	./.	0/1:5,5:10:99:173,0,195	./.	./.	./.	./.	./.	./.	./.	./.	./.	./.	./.	./.	./.	./.	./.	./.	./.	./.	./.	./.	./.	./.	./.	0/1:11,6:17:99:219,0,444	./.	./.	./.	./.	./.	./.	0/1:8,7:15:99:270,0,315	./.	./.	./.	0/1:5,6:11:99:237,0,192	*
chr6	32548544	32548544	HLA-DRB1	./.	./.	./.	./.	./.	./.	./.	./.	./.	./.	./.	./.	./.	./.	./.	./.	./.	./.	./.	./.	./.	./.	./.	./.	./.	0/1:1,7:8:50:311,0,50	./.	./.	./.	./.	./.	./.	./.	./.	./.	./.	./.	./.	./.	./.	./.	./.	./.	./.	./.	*
chr6	32548628	32548628	HLA-DRB1	0/1:4,5:9:99:163,0,132	./.	./.	./.	./.	./.	./.	./.	./.	./.	./.	./.	./.	./.	./.	./.	./.	./.	./.	./.	./.	./.	0/1:5,4:9:99:124,0,182	./.	./.	0/1:1,7:8:20:267,0,20	./.	./.	./.	./.	./.	./.	./.	./.	./.	./.	./.	./.	./.	./.	./.	./.	./.	./.	./.	*
chr6	32549501	32549501	HLA-DRB1	2/2:63:99	./.	./.	./.	./.	./.	./.	./.	2/2:9:45	./.	./.	./.	./.	./.	./.	./.	./.	0/1:23:60	./.	./.	./.	./.	./.	./.	./.	./.	./.	./.	./.	./.	./.	./.	./.	./.	./.	./.	./.	./.	./.	./.	./.	./.	./.	./.	./.	*
chr6	32549501	32549501	HLA-DRB1	2/2:63:99	./.	./.	./.	./.	./.	./.	./.	2/2:9:45	./.	./.	./.	./.	./.	./.	./.	./.	0/1:23:60	./.	./.	./.	./.	./.	./.	./.	./.	./.	./.	./.	./.	./.	./.	./.	./.	./.	./.	./.	./.	./.	./.	./.	./.	./.	./.	./.	*
chr6	32549580	32549580	HLA-DRB1	./.	./.	./.	./.	./.	./.	./.	./.	0/1:70,31:101:99:1091,0,2846	0/1:37,53:90:99:2114,0,1394	./.	0/1:52,40:92:99:1578,0,2109	./.	./.	./.	./.	./.	./.	./.	./.	0/1:9,23:32:99:939,0,309	./.	./.	./.	./.	./.	./.	./.	./.	./.	0/1:39,20:59:99:719,0,1609	./.	./.	./.	0/1:46,30:76:99:1146,0,1898	./.	./.	./.	./.	./.	0/1:37,69:106:99:2875,0,1368	./.	./.	./.	0/1:6,56:62:83:2333,0,83	*
chr6	32549584	32549584	HLA-DRB1	./.	./.	./.	./.	./.	./.	./.	./.	./.	0/1:37,54:91:99:2137,0,1391	./.	0/1:54,43:97:99:1606,0,2148	./.	./.	./.	./.	./.	./.	./.	./.	0/1:9,23:32:99:939,0,309	./.	./.	./.	./.	./.	./.	./.	./.	./.	0/1:41,20:61:99:716,0,1651	./.	./.	./.	0/1:48,31:79:99:1146,0,1898	./.	./.	./.	./.	./.	0/1:38,74:112:99:2936,0,1362	./.	./.	./.	0/1:6,56:62:80:2362,0,80	*
chr6	32549588	32549588	HLA-DRB1	./.	./.	./.	./.	./.	./.	./.	./.	./.	./.	./.	./.	./.	./.	./.	./.	./.	./.	0/1:16,34:50:99:1165,0,570	./.	./.	./.	./.	./.	./.	0/1:32,27:59:99:825,0,1143	0/1:31,21:52:99:644,0,1177	./.	./.	./.	./.	./.	./.	./.	./.	./.	./.	./.	./.	./.	./.	./.	./.	0/1:55,26:81:99:923,0,2273	./.	*
chr6	32549589	32549589	HLA-DRB1	./.	./.	./.	./.	./.	./.	./.	./.	./.	./.	./.	./.	./.	./.	./.	./.	./.	./.	./.	./.	0/1:23,9:32:99:351,0,936	./.	./.	./.	./.	./.	./.	./.	./.	./.	./.	./.	./.	./.	./.	./.	./.	./.	./.	./.	./.	./.	./.	./.	./.	*
chr6	32549607	32549607	HLA-DRB1	./.	./.	./.	./.	2/2:4:12	./.	./.	./.	./.	./.	./.	./.	./.	./.	./.	./.	./.	./.	./.	./.	./.	./.	./.	./.	./.	./.	./.	./.	./.	./.	./.	./.	./.	./.	./.	./.	./.	./.	./.	./.	./.	0/2:192:99	./.	./.	./.	*
chr6	32549607	32549607	HLA-DRB1	./.	./.	./.	./.	2/2:4:12	./.	./.	./.	./.	./.	./.	./.	./.	./.	./.	./.	./.	./.	./.	./.	./.	./.	./.	./.	./.	./.	./.	./.	./.	./.	./.	./.	./.	./.	./.	./.	./.	./.	./.	./.	./.	0/2:192:99	./.	./.	./.	*
chr6	32552138	32552138	HLA-DRB1	./.	./.	./.	./.	./.	./.	./.	./.	./.	1/1:0,7:7:21:315,21,0	./.	./.	./.	./.	./.	./.	./.	./.	./.	./.	./.	./.	./.	./.	./.	./.	./.	./.	./.	./.	./.	./.	./.	./.	./.	./.	./.	./.	./.	./.	./.	./.	./.	./.	./.	*
chr6	32557506	32557506	HLA-DRB1	./.	./.	./.	./.	./.	./.	./.	./.	./.	./.	./.	./.	./.	1/1:0,5:5:15:214,15,0	./.	1/1:0,4:4:12:175,12,0	./.	./.	./.	./.	./.	./.	./.	./.	./.	./.	./.	./.	./.	./.	./.	./.	./.	./.	./.	./.	./.	./.	./.	1/1:0,7:7:21:298,21,0	./.	1/1:0,14:14:42:559,42,0	./.	./.	./.	*
chr6	35454273	35454273	TEAD3	./.	1/1:3,227:230:99:7779,575,0	./.	./.	./.	./.	./.	1/1:0,5:5:15:182,15,0	0/1:25,42:67:99:1319,0,722	./.	./.	./.	./.	./.	./.	./.	./.	./.	./.	./.	./.	./.	./.	./.	./.	./.	./.	./.	./.	./.	./.	./.	0/1:17,56:73:99:1836,0,420	./.	0/1:53,37:90:99:985,0,1699	./.	0/1:56,99:155:99:3035,0,1611	./.	./.	0/1:87,69:156:99:2038,0,2735	./.	./.	./.	./.	./.	NA
chr6	43019390	43019390	CUL7	./.	./.	./.	./.	./.	./.	./.	./.	./.	./.	./.	./.	./.	./.	./.	./.	./.	./.	./.	./.	./.	./.	./.	./.	./.	./.	./.	./.	0/1:235,264:499:99:8334,0,8045	0/1:3,16:19:74:540,0,74	./.	./.	./.	./.	0/1:147,152:299:99:4853,0,5097	./.	./.	./.	./.	0/1:61,164:225:99:5811,0,1814	./.	./.	./.	1/1:1,441:442:99:16675,1282,0	./.	NA
chr7	100550507	100550507	MUC3A	./.	./.	./.	./.	./.	./.	./.	./.	./.	./.	./.	./.	./.	./.	./.	./.	./.	./.	./.	./.	./.	./.	0/1:1,5:6:27:207,0,27	./.	./.	./.	./.	./.	./.	./.	./.	./.	./.	./.	./.	./.	./.	./.	./.	./.	./.	0/1:11,6:17:99:219,0,444	./.	./.	./.	*
chr7	100550525	100550525	MUC3A	./.	./.	./.	0/1:34,27:61:99:1036,0,1144	./.	./.	./.	0/1:6,4:10:99:150,0,3175	./.	./.	./.	./.	./.	./.	./.	./.	0/1:15,17:32:99:669,0,579	0/1:16,7:23:99:285,0,690	./.	./.	./.	./.	./.	./.	./.	./.	./.	./.	./.	0/1:2,11:13:93:453,0,93	./.	./.	./.	./.	./.	./.	./.	./.	./.	./.	./.	./.	./.	./.	./.	*
chr7	100550534	100550534	MUC3A	./.	./.	./.	0/1:29,28:57:99:1130,0,1130	./.	./.	./.	0/1:5,3:8:99:111,0,2934	./.	./.	./.	./.	./.	./.	./.	./.	0/1:14,17:31:99:666,0,579	0/1:17,8:25:99:279,0,774	./.	./.	./.	./.	./.	./.	./.	./.	./.	./.	./.	0/1:3,10:13:93:453,0,93	./.	./.	./.	./.	./.	./.	./.	./.	./.	./.	./.	./.	./.	./.	./.	*
chr7	100550549	100550549	MUC3A	./.	./.	./.	./.	./.	./.	./.	./.	./.	./.	./.	./.	./.	./.	./.	./.	0/1:11,14:25:99:552,0,420	0/1:19,9:28:99:310,0,771	./.	./.	./.	./.	./.	./.	./.	./.	./.	./.	./.	0/1:3,9:12:99:369,0,99	./.	./.	./.	./.	./.	./.	./.	./.	./.	./.	./.	./.	./.	./.	./.	*
chr7	100550570	100550570	MUC3A	./.	./.	./.	./.	./.	./.	./.	./.	./.	./.	./.	./.	./.	./.	./.	./.	./.	./.	./.	./.	./.	./.	0/1:2,5:7:69:204,0,69	./.	./.	./.	./.	./.	./.	./.	./.	./.	./.	./.	./.	./.	./.	./.	./.	./.	./.	0/1:5,5:10:99:195,0,1303	./.	./.	./.	*
chr7	100550571	100550571	MUC3A	./.	./.	./.	./.	./.	./.	./.	./.	./.	./.	./.	./.	./.	./.	./.	./.	./.	./.	./.	./.	./.	./.	0/1:2,5:7:69:204,0,69	./.	./.	./.	./.	./.	./.	./.	./.	./.	./.	./.	./.	./.	./.	./.	./.	./.	./.	0/1:5,5:10:99:195,0,1303	./.	./.	./.	*
chr7	100550602	100550602	MUC3A	./.	./.	./.	./.	./.	./.	./.	./.	./.	./.	./.	./.	./.	./.	./.	./.	./.	./.	./.	0/1:10,7:17:99:264,0,399	./.	./.	1/1:0,5:5:15:225,15,0	./.	./.	./.	./.	./.	./.	./.	./.	./.	./.	./.	./.	./.	./.	./.	./.	./.	./.	0/1:5,3:8:99:111,0,1577	./.	./.	./.	*
chr7	100551035	100551037	MUC3A	./.	./.	./.	./.	./.	./.	./.	./.	./.	./.	./.	./.	./.	./.	./.	./.	./.	1/1:2,41:43:18:1776,18,0	./.	./.	./.	0/1:5,4:9:99:137,0,3663	./.	./.	./.	./.	./.	./.	./.	./.	./.	./.	./.	./.	./.	./.	./.	./.	./.	./.	./.	./.	./.	./.	./.	*
chr7	100551253	100551253	MUC3A	./.	./.	./.	./.	./.	./.	./.	./.	./.	./.	./.	./.	./.	./.	./.	./.	./.	0/1:8,51:59:99:2320,0,1982	./.	./.	./.	0/1:1,3:4:99:123,0,847	./.	./.	./.	./.	./.	./.	./.	./.	./.	./.	./.	./.	./.	./.	./.	./.	./.	./.	./.	./.	./.	./.	./.	*
chr7	100551268	100551268	MUC3A	./.	./.	./.	./.	./.	./.	./.	./.	./.	./.	./.	./.	./.	./.	./.	./.	./.	./.	./.	./.	./.	0/1:1,3:4:99:123,0,847	./.	./.	./.	./.	./.	./.	./.	./.	./.	./.	./.	./.	./.	./.	./.	./.	./.	./.	./.	./.	./.	./.	./.	*
chr7	100551286	100551286	MUC3A	./.	./.	./.	./.	./.	./.	./.	./.	./.	./.	./.	./.	./.	./.	./.	./.	./.	./.	./.	0/1:14,15:29:99:525,0,646	./.	./.	./.	./.	./.	./.	0/1:2,8:10:60:295,0,60	./.	./.	./.	./.	./.	./.	./.	./.	./.	./.	./.	./.	./.	./.	./.	./.	./.	./.	*
chr7	100551293	100551293	MUC3A	./.	./.	./.	./.	./.	./.	./.	./.	./.	./.	./.	./.	./.	./.	./.	./.	./.	./.	./.	./.	./.	./.	./.	./.	./.	./.	0/1:4,5:9:99:182,0,144	./.	./.	./.	./.	./.	./.	./.	./.	./.	./.	./.	./.	./.	./.	./.	./.	./.	./.	*
chr7	100551298	100551298	MUC3A	./.	./.	./.	./.	./.	./.	./.	./.	./.	./.	./.	./.	./.	./.	./.	./.	./.	./.	./.	./.	./.	./.	./.	./.	./.	./.	0/1:2,4:6:66:234,0,66	./.	./.	./.	./.	./.	./.	./.	./.	./.	./.	./.	./.	./.	./.	./.	./.	./.	./.	*
chr7	100551304	100551304	MUC3A	./.	./.	./.	./.	./.	./.	./.	./.	./.	./.	./.	./.	./.	./.	./.	./.	./.	./.	0/1:61,35:96:99:1319,0,2579	./.	./.	./.	./.	./.	./.	./.	./.	./.	./.	./.	./.	./.	./.	./.	./.	./.	./.	./.	./.	./.	./.	./.	./.	./.	./.	*
chr7	100551308	100551308	MUC3A	./.	./.	./.	./.	./.	./.	./.	./.	./.	./.	./.	./.	./.	./.	./.	./.	./.	./.	./.	./.	./.	./.	./.	./.	./.	./.	0/1:2,4:6:72:162,0,72	./.	./.	./.	./.	./.	./.	./.	./.	./.	./.	./.	./.	./.	./.	./.	./.	./.	./.	*
chr7	100551309	100551309	MUC3A	./.	./.	./.	./.	./.	./.	./.	./.	./.	./.	./.	./.	./.	./.	./.	./.	./.	./.	./.	./.	./.	./.	./.	./.	./.	./.	0/1:2,4:6:99:159,0,153	./.	./.	./.	./.	./.	./.	./.	./.	./.	./.	./.	./.	./.	./.	./.	./.	./.	./.	*
chr7	100551314	100551314	MUC3A	./.	./.	./.	./.	./.	./.	./.	./.	./.	./.	./.	./.	./.	./.	./.	./.	./.	./.	0/1:64,38:102:99:1439,0,2654	./.	./.	./.	./.	./.	./.	./.	./.	./.	./.	./.	./.	./.	./.	./.	./.	./.	./.	./.	0/1:57,27:84:99:956,0,8301	./.	./.	./.	./.	./.	./.	*
chr7	100551322	100551322	MUC3A	./.	./.	./.	./.	./.	./.	./.	./.	./.	./.	./.	./.	./.	./.	./.	./.	./.	./.	0/1:66,39:105:99:1439,0,2654	./.	./.	./.	./.	./.	./.	./.	0/1:3,4:7:99:159,0,153	./.	./.	./.	./.	./.	./.	./.	./.	./.	./.	./.	0/1:57,31:88:99:1211,0,8576	./.	./.	./.	./.	./.	./.	*
chr7	100551326	100551326	MUC3A	./.	./.	./.	./.	./.	./.	./.	./.	./.	./.	./.	./.	./.	./.	./.	./.	./.	./.	./.	./.	./.	./.	./.	./.	./.	./.	0/1:3,3:6:99:117,0,156	./.	./.	./.	./.	./.	./.	./.	./.	./.	./.	./.	./.	./.	./.	./.	./.	./.	./.	*
chr7	100551331	100551331	MUC3A	./.	./.	./.	./.	./.	./.	./.	./.	./.	./.	./.	./.	./.	./.	./.	./.	./.	./.	0/1:65,41:106:99:1590,0,2679	./.	./.	./.	./.	./.	./.	./.	./.	./.	./.	./.	./.	./.	./.	./.	./.	./.	./.	./.	0/1:58,37:95:99:1370,0,8752	./.	./.	./.	./.	./.	./.	*
chr7	100551332	100551332	MUC3A	./.	./.	./.	./.	./.	./.	./.	./.	./.	./.	./.	./.	./.	./.	./.	./.	./.	./.	0/1:65,42:107:99:1590,0,2679	./.	./.	./.	./.	./.	./.	./.	./.	./.	./.	./.	./.	./.	./.	./.	./.	./.	./.	./.	0/1:59,35:94:99:1431,0,8746	./.	./.	./.	./.	./.	./.	*
chr7	100551334	100551334	MUC3A	./.	./.	./.	./.	./.	./.	./.	./.	./.	./.	./.	./.	./.	./.	./.	./.	./.	./.	0/1:67,43:110:99:1591,0,2678	./.	./.	./.	./.	./.	./.	./.	./.	./.	./.	./.	./.	./.	./.	./.	./.	./.	./.	./.	0/1:60,37:97:99:1354,0,8747	./.	./.	./.	./.	./.	./.	*
chr7	100636408	100636408	MUC12	./.	./.	./.	./.	./.	./.	./.	./.	./.	./.	1/1:0,6:6:18:181,18,0	./.	./.	./.	./.	./.	./.	./.	./.	./.	./.	./.	./.	./.	./.	./.	./.	./.	./.	./.	./.	./.	./.	./.	./.	./.	./.	./.	./.	./.	./.	./.	./.	./.	./.	NA
chr7	100647819	100647819	MUC12	1/1:0,9:9:27:330,27,0	0/1:3,12:15:80:382,0,80	1/1:0,18:18:54:642,54,0	1/1:0,11:11:33:386,33,0	./.	./.	./.	1/1:0,10:10:30:393,30,0	0/1:6,6:12:99:193,0,209	./.	./.	./.	./.	0/1:2,5:7:63:175,0,63	./.	./.	./.	./.	./.	./.	1/1:0,5:5:15:184,15,0	./.	0/1:4,6:10:99:163,0,134	./.	1/1:0,5:5:15:164,15,0	./.	./.	1/1:0,6:6:18:233,18,0	0/1:1,7:8:20:237,0,20	1/1:1,14:15:3:487,3,0	./.	./.	./.	0/1:1,3:4:29:71,0,29	0/1:7,5:12:99:153,0,222	./.	0/1:5,12:17:99:392,0,158	./.	0/1:2,3:5:70:100,0,70	0/1:11,12:23:99:259,0,414	./.	./.	1/1:0,5:5:15:181,15,0	./.	./.	NA
chr8	25290924	25290924	KCTD9	./.	./.	1/1:0,11:11:33:394,33,0	./.	1/1:0,19:19:57:701,57,0	./.	./.	1/1:0,23:23:69:892,69,0	1/1:0,4:4:12:162,12,0	./.	./.	./.	./.	./.	./.	./.	./.	./.	./.	./.	./.	./.	./.	./.	./.	./.	0/1:4,4:8:99:134,0,149	1/1:0,66:66:99:2631,198,0	0/1:1,7:8:16:233,0,16	./.	./.	./.	./.	./.	0/1:3,8:11:99:251,0,99	./.	./.	./.	./.	1/1:1,26:27:70:944,70,0	./.	./.	./.	1/1:0,5:5:15:197,15,0	./.	NA
chr8	42693480	42693480	THAP1	./.	./.	./.	./.	./.	./.	./.	./.	0/1:19,14:33:99:391,0,683	./.	./.	./.	./.	./.	./.	./.	./.	./.	./.	./.	./.	./.	./.	./.	./.	./.	./.	./.	0/1:1,7:8:17:250,0,17	./.	./.	./.	0/1:23,21:44:99:687,0,845	0/1:4,22:26:99:858,0,101	0/1:28,17:45:99:536,0,902	1/1:0,11:11:33:433,33,0	./.	./.	0/1:11,12:23:99:412,0,348	1/1:0,5:5:15:200,15,0	./.	./.	./.	1/1:0,64:64:99:2424,190,0	./.	NA
chr8	144295183	144295183	GPIHBP1	1/1:0,5:5:15:191,15,0	1/1:0,8:8:24:277,24,0	./.	1/1:0,12:12:36:392,36,0	./.	./.	./.	1/1:0,6:6:18:226,18,0	1/1:0,5:5:15:189,15,0	./.	./.	1/1:0,6:6:18:221,18,0	./.	./.	./.	./.	1/1:0,4:4:12:127,12,0	./.	./.	./.	./.	./.	./.	1/1:0,10:10:30:381,30,0	./.	./.	./.	./.	1/1:0,7:7:21:259,21,0	./.	./.	./.	./.	./.	./.	./.	1/1:0,8:8:24:320,24,0	1/1:0,4:4:12:156,12,0	1/1:0,5:5:15:198,15,0	./.	./.	./.	./.	./.	./.	NA
chr9	69256833	69256833	CBWD5,CBWD6	./.	1/1:0,4:4:12:160,12,0	1/1:0,8:8:24:302,24,0	1/1:0,4:4:12:148,12,0	1/1:0,7:7:21:266,21,0	./.	./.	./.	./.	./.	./.	./.	./.	0/1:2,9:11:46:320,0,46	./.	./.	./.	./.	1/1:0,6:6:18:233,18,0	./.	./.	1/1:0,4:4:12:152,12,0	./.	./.	./.	./.	./.	./.	1/1:0,22:22:65:739,65,0	./.	./.	./.	./.	./.	./.	./.	1/1:0,11:11:33:430,33,0	./.	./.	1/1:0,6:6:18:220,18,0	1/1:0,7:7:21:250,21,0	./.	./.	./.	./.	NA
chr9	74319647	74319647	TMEM2	1/1:1,95:96:99:3679,250,0	./.	./.	1/1:0,25:25:75:1036,75,0	1/1:3,38:41:14:1391,14,0	./.	./.	./.	0/1:5,22:27:99:836,0,110	./.	./.	./.	./.	./.	./.	./.	./.	./.	./.	./.	./.	./.	./.	./.	./.	./.	0/1:3,5:8:92:170,0,92	1/1:0,183:183:99:7516,550,0	0/1:3,7:10:84:258,0,84	./.	./.	./.	1/1:0,29:29:87:1187,87,0	1/1:1,106:107:99:4241,281,0	./.	./.	./.	0/1:16,16:32:99:547,0,481	0/1:30,41:71:99:1409,0,945	1/1:0,42:42:99:1674,126,0	./.	1/1:2,122:124:99:4841,323,0	./.	1/1:0,4:4:12:173,12,0	./.	NA
chr9	121929534	121929534	BRINP1	0/1:2,22:24:0:699,0,0	./.	0/1:1,5:6:18:166,0,18	./.	./.	./.	./.	./.	1/1:1,31:32:55:1107,55,0	./.	./.	./.	./.	./.	./.	./.	./.	./.	./.	./.	./.	./.	./.	./.	./.	./.	./.	1/1:0,59:59:99:2177,177,0	./.	./.	./.	./.	0/1:2,15:17:27:482,0,27	1/1:0,25:25:75:974,75,0	0/1:30,23:53:99:684,0,989	./.	0/1:6,6:12:99:175,0,200	./.	0/1:5,13:18:99:406,0,165	1/1:0,58:58:99:2127,174,0	./.	1/1:0,128:128:99:4562,384,0	./.	1/1:0,14:14:42:496,42,0	./.	NA
chr9	130191186	130191186	ZNF79	./.	./.	./.	./.	./.	./.	0/1:9,34:43:99:1138,0,222	./.	./.	./.	./.	0/1:3,8:11:98:203,0,98	./.	./.	0/1:17,92:109:99:3072,0,375	0/1:2,9:11:56:302,0,56	1/1:0,9:9:27:346,27,0	1/1:0,8:8:24:276,24,0	./.	1/1:0,15:15:45:555,45,0	1/1:0,20:20:60:705,60,0	0/1:4,17:21:99:547,0,101	./.	./.	./.	./.	./.	./.	./.	./.	1/1:0,11:11:33:420,33,0	0/1:1,6:7:24:179,0,24	./.	./.	./.	./.	./.	./.	./.	./.	./.	./.	./.	./.	0/1:10,46:56:99:1511,0,230	*
chr9	140250818	140250818	EXD3	1/1:0,4:4:12:158,12,0	./.	1/1:0,10:10:30:385,30,0	./.	./.	./.	./.	./.	./.	./.	./.	1/1:0,7:7:21:271,21,0	./.	./.	./.	1/1:0,4:4:12:154,12,0	./.	1/1:0,9:9:27:281,27,0	1/1:0,4:4:12:127,12,0	./.	./.	1/1:0,6:6:18:175,18,0	1/1:0,7:7:21:264,21,0	./.	./.	./.	./.	./.	./.	./.	1/1:0,5:5:15:169,15,0	./.	./.	./.	./.	./.	1/1:0,8:8:24:312,24,0	./.	1/1:0,5:5:15:187,15,0	./.	./.	./.	./.	./.	./.	*
chr10	37441008	37441008	ANKRD30A	./.	./.	./.	0/1:34,60:94:99:1938,0,1054	./.	./.	./.	./.	./.	./.	./.	./.	./.	./.	./.	./.	./.	./.	./.	./.	./.	./.	./.	./.	./.	./.	./.	./.	./.	./.	./.	./.	./.	./.	./.	./.	./.	./.	./.	./.	./.	1/1:0,115:115:99:4359,346,0	./.	0/1:9,20:29:99:678,0,273	./.	NA
chr10	134736052	134736052	CFAP46	0/1:2,3:5:63:99,0,63	./.	./.	./.	./.	./.	./.	./.	0/1:3,3:6:99:102,0,99	./.	./.	0/1:1,11:12:5:300,0,5	./.	./.	./.	./.	./.	./.	./.	./.	./.	0/1:4,10:14:99:320,0,119	./.	./.	./.	./.	1/1:1,15:16:12:475,12,0	./.	0/1:1,12:13:3:388,0,3	./.	./.	1/1:0,9:9:26:254,26,0	./.	./.	./.	./.	./.	0/1:2,3:5:54:86,0,54	./.	./.	./.	./.	./.	./.	./.	*
chr10	134736076	134736076	CFAP46	0/1:2,3:5:65:114,0,65	./.	./.	./.	./.	./.	./.	./.	./.	./.	./.	0/1:1,9:10:7:316,0,7	./.	./.	./.	./.	./.	./.	./.	./.	./.	0/1:4,9:13:99:341,0,102	./.	./.	./.	./.	1/1:1,14:15:6:550,6,0	./.	0/1:2,12:14:33:429,0,33	./.	./.	1/1:0,8:8:24:279,24,0	./.	0/1:1,4:5:26:163,0,26	./.	./.	./.	0/1:3,4:7:98:147,0,98	./.	./.	1/1:0,4:4:12:136,12,0	./.	./.	./.	./.	*
chr10	134738228	134738228	CFAP46	0/1:1,4:5:68:165,0,68	./.	./.	./.	./.	./.	./.	./.	./.	./.	./.	1/1:0,6:6:18:270,18,0	./.	./.	./.	./.	./.	./.	./.	1/1:0,4:4:12:180,12,0	./.	./.	0/1:2,3:5:99:120,0,139	./.	./.	./.	0/1:4,8:12:99:359,0,277	./.	0/1:1,6:7:47:249,0,47	./.	./.	./.	./.	./.	./.	./.	./.	0/1:1,7:8:59:291,0,59	./.	./.	0/1:1,3:4:66:123,0,66	./.	./.	./.	./.	*
chr10	134748331	134748331	CFAP46	./.	./.	1/1:0,9:9:27:328,27,0	0/1:1,6:7:24:224,0,24	./.	./.	./.	./.	./.	./.	./.	./.	./.	./.	./.	./.	./.	0/1:10,17:27:99:545,0,318	./.	1/1:0,4:4:12:159,12,0	./.	./.	./.	./.	./.	./.	0/1:4,19:23:67:608,0,67	./.	./.	./.	./.	./.	./.	0/1:1,6:7:23:217,0,23	./.	./.	./.	./.	./.	./.	0/1:2,12:14:48:378,0,48	./.	./.	./.	./.	*
chr11	802295	802295	PIDD1	./.	./.	./.	./.	./.	./.	./.	1/1:0,58:58:99:2170,174,0	0/1:14,19:33:99:624,0,424	./.	./.	./.	./.	./.	./.	./.	./.	./.	./.	./.	./.	./.	./.	./.	./.	./.	./.	./.	./.	./.	./.	./.	./.	./.	0/1:14,28:42:99:978,0,320	./.	./.	./.	0/1:13,53:66:99:1843,0,274	./.	./.	./.	./.	./.	./.	NA
chr11	1016776	1016776	MUC6	./.	./.	./.	./.	./.	./.	./.	./.	./.	./.	1/1:0,5:5:15:112,15,0	./.	./.	./.	./.	./.	./.	./.	./.	./.	./.	./.	./.	./.	./.	./.	./.	./.	./.	./.	./.	./.	./.	./.	./.	./.	0/1:3,3:6:95:95,0,95	./.	./.	./.	0/1:6,5:11:99:166,0,192	./.	./.	./.	./.	*
chr11	1016800	1016800	MUC6	./.	./.	./.	./.	./.	./.	./.	./.	./.	./.	./.	./.	./.	./.	./.	./.	./.	./.	./.	0/1:4,6:10:99:237,0,234	./.	./.	./.	./.	./.	./.	./.	./.	./.	./.	./.	./.	./.	./.	./.	./.	./.	./.	./.	./.	./.	./.	./.	./.	./.	*
chr11	1016802	1016802	MUC6	./.	./.	./.	./.	./.	./.	./.	./.	./.	./.	./.	./.	./.	./.	./.	./.	./.	./.	./.	0/1:4,6:10:99:237,0,234	./.	./.	./.	./.	./.	./.	./.	./.	./.	./.	./.	./.	./.	./.	./.	./.	./.	./.	./.	./.	./.	./.	./.	./.	./.	*
chr11	1016869	1016869	MUC6	./.	./.	./.	./.	./.	./.	0/1:2,2:4:78:78,0,398	./.	./.	./.	./.	./.	./.	./.	./.	./.	./.	./.	./.	./.	./.	./.	./.	./.	./.	./.	./.	./.	./.	./.	./.	./.	./.	./.	./.	./.	./.	./.	./.	./.	./.	./.	./.	./.	./.	*
chr11	1016889	1016889	MUC6	./.	./.	./.	./.	./.	./.	./.	./.	./.	./.	./.	./.	./.	./.	./.	./.	./.	./.	./.	./.	./.	./.	./.	./.	./.	./.	./.	./.	./.	./.	./.	./.	./.	./.	./.	./.	./.	./.	./.	./.	./.	./.	./.	./.	0/1:1,3:4:33:123,0,33	*
chr11	1016944	1016944	MUC6	./.	./.	./.	./.	./.	./.	./.	./.	./.	./.	./.	./.	./.	./.	./.	./.	./.	./.	./.	./.	./.	./.	./.	./.	./.	./.	./.	./.	./.	./.	./.	0/1:2,2:4:78:78,0,78	./.	./.	./.	./.	./.	./.	./.	./.	./.	./.	./.	./.	0/1:3,3:6:99:117,0,117	*
chr11	1016968	1016968	MUC6	./.	./.	./.	0/1:4,3:7:99:114,0,199	./.	./.	./.	./.	./.	./.	0/1:9,6:15:99:309,0,495	./.	./.	./.	./.	./.	./.	./.	./.	./.	./.	./.	./.	./.	./.	./.	./.	./.	./.	./.	./.	./.	./.	./.	./.	./.	./.	./.	./.	./.	./.	./.	./.	./.	./.	*
chr11	1016989	1016991	MUC6	./.	./.	./.	./.	./.	./.	./.	./.	./.	./.	0/1:13,7:20:99:297,0,645	./.	./.	./.	./.	./.	./.	./.	./.	./.	./.	./.	./.	./.	./.	./.	./.	./.	./.	./.	./.	./.	./.	./.	./.	./.	./.	0/1:5,4:9:99:195,0,1336	./.	./.	./.	./.	./.	./.	./.	*
chr11	1017084	1017084	MUC6	./.	./.	./.	./.	./.	./.	./.	./.	./.	./.	0/1:45,33:78:99:890,0,1591	./.	./.	./.	./.	./.	0/1:3,9:12:99:280,0,99	./.	./.	./.	./.	./.	./.	./.	./.	./.	./.	./.	./.	./.	./.	0/1:7,5:12:99:159,0,231	./.	./.	./.	./.	./.	./.	./.	./.	./.	./.	./.	./.	0/1:7,6:13:99:190,0,261	*
chr11	1017135	1017135	MUC6	./.	./.	./.	./.	./.	./.	./.	0/1:1,4:5:66:165,0,66	./.	./.	./.	0/1:8,8:16:99:312,0,349	./.	./.	./.	./.	./.	./.	./.	./.	./.	./.	./.	./.	./.	./.	./.	./.	./.	./.	./.	./.	./.	./.	./.	./.	./.	./.	./.	./.	./.	./.	./.	./.	./.	*
chr11	1017154	1017154	MUC6	./.	./.	./.	./.	./.	./.	./.	0/1:1,3:4:99:120,0,295	./.	./.	./.	./.	./.	./.	./.	./.	./.	./.	./.	./.	./.	./.	./.	./.	./.	./.	./.	./.	./.	./.	./.	./.	./.	./.	./.	./.	./.	./.	./.	./.	./.	./.	./.	./.	./.	*
chr11	1017169	1017169	MUC6	./.	./.	./.	./.	./.	./.	./.	0/1:2,3:5:99:120,0,295	./.	./.	./.	./.	./.	./.	./.	./.	./.	./.	./.	./.	./.	./.	./.	./.	./.	./.	./.	./.	./.	./.	./.	./.	./.	./.	./.	./.	./.	./.	./.	./.	./.	./.	./.	./.	./.	*
chr11	1017183	1017183	MUC6	./.	./.	./.	./.	./.	./.	./.	./.	./.	./.	0/1:18,14:32:99:406,0,592	./.	./.	./.	./.	./.	0/1:2,3:5:73:118,0,73	./.	./.	./.	./.	./.	./.	./.	./.	./.	./.	./.	./.	./.	./.	./.	./.	./.	./.	./.	./.	./.	0/1:4,4:8:99:115,0,158	./.	./.	./.	./.	./.	./.	*
chr11	1017186	1017186	MUC6	./.	./.	./.	./.	./.	./.	./.	0/1:2,2:4:78:78,0,298	./.	./.	./.	0/1:5,3:8:99:111,0,201	./.	./.	./.	./.	./.	./.	./.	./.	./.	./.	./.	./.	./.	./.	./.	./.	./.	./.	./.	./.	./.	./.	./.	./.	./.	./.	./.	./.	./.	./.	./.	./.	./.	*
chr11	1017220	1017220	MUC6	./.	./.	0/1:2,2:4:78:78,0,78	./.	./.	./.	./.	./.	./.	./.	1/1:0,17:17:51:668,51,0	./.	./.	0/1:1,3:4:22:103,0,22	./.	./.	./.	./.	./.	0/1:15,10:25:99:359,0,598	./.	./.	./.	./.	./.	./.	./.	./.	./.	./.	./.	./.	./.	./.	./.	0/1:5,3:8:99:111,0,171	0/1:4,3:7:99:105,0,151	./.	./.	./.	./.	./.	./.	./.	./.	*
chr11	1017231	1017231	MUC6	./.	./.	0/1:2,2:4:78:78,0,78	./.	./.	./.	./.	./.	./.	./.	1/1:0,11:11:39:546,39,0	./.	./.	./.	./.	0/1:4,4:8:99:156,0,156	./.	./.	./.	0/1:11,9:20:99:339,0,492	./.	./.	./.	./.	./.	./.	./.	./.	./.	./.	./.	./.	./.	./.	./.	0/1:3,3:6:99:114,0,153	./.	./.	./.	./.	./.	./.	./.	./.	./.	*
chr11	1017240	1017240	MUC6	./.	./.	0/1:2,2:4:78:78,0,78	./.	./.	./.	./.	./.	./.	./.	1/1:0,11:11:36:523,36,0	./.	./.	./.	./.	0/1:3,4:7:99:159,0,114	./.	./.	./.	0/1:10,9:19:99:342,0,477	./.	./.	./.	./.	./.	./.	./.	./.	./.	./.	./.	./.	./.	./.	./.	./.	./.	./.	./.	./.	./.	./.	./.	./.	./.	*
chr11	1017337	1017337	MUC6	./.	./.	./.	./.	./.	./.	./.	./.	./.	./.	./.	./.	./.	./.	./.	./.	./.	./.	./.	./.	./.	./.	./.	./.	./.	./.	./.	./.	./.	./.	./.	./.	./.	./.	./.	./.	./.	./.	./.	./.	./.	./.	./.	./.	0/1:7,4:11:99:147,0,363	*
chr11	1017338	1017338	MUC6	./.	./.	./.	./.	./.	./.	./.	./.	./.	./.	./.	./.	./.	./.	./.	./.	./.	./.	./.	./.	./.	./.	./.	./.	./.	./.	./.	./.	./.	./.	./.	./.	./.	./.	./.	./.	./.	./.	./.	./.	./.	./.	./.	./.	0/1:7,4:11:99:147,0,363	*
chr11	1017421	1017421	MUC6	./.	./.	./.	./.	./.	./.	./.	./.	./.	./.	./.	0/1:13,9:22:99:336,0,570	./.	./.	./.	./.	./.	./.	./.	./.	./.	./.	./.	./.	./.	./.	./.	./.	./.	./.	./.	./.	./.	./.	./.	./.	./.	./.	./.	./.	./.	./.	./.	./.	./.	*
chr11	1017691	1017691	MUC6	./.	./.	./.	./.	./.	./.	./.	0/1:1,3:4:32:111,0,32	./.	./.	./.	./.	./.	./.	./.	./.	./.	./.	./.	./.	./.	./.	./.	./.	./.	./.	./.	./.	./.	./.	./.	./.	./.	./.	./.	./.	./.	./.	./.	./.	./.	./.	./.	./.	./.	*
chr11	1017858	1017858	MUC6	./.	./.	./.	./.	./.	./.	./.	./.	./.	./.	./.	./.	./.	./.	./.	0/1:5,4:9:99:153,0,198	./.	./.	0/1:7,4:11:99:147,0,319	./.	./.	./.	./.	./.	./.	./.	0/1:28,12:40:99:490,0,1052	./.	./.	./.	./.	./.	./.	./.	./.	./.	./.	./.	./.	./.	./.	./.	./.	./.	./.	*
chr11	1017921	1017921	MUC6	./.	./.	./.	./.	./.	./.	./.	./.	./.	./.	./.	./.	./.	./.	./.	./.	0/1:2,2:4:37:73,0,37	./.	./.	./.	./.	./.	./.	./.	./.	./.	./.	./.	./.	./.	./.	./.	./.	./.	./.	./.	./.	./.	./.	./.	./.	./.	./.	./.	./.	*
chr11	1018116	1018116	MUC6	./.	./.	./.	./.	./.	./.	./.	./.	./.	./.	./.	./.	./.	./.	./.	./.	./.	./.	./.	./.	./.	0/1:2,3:5:64:118,0,64	./.	./.	./.	./.	./.	./.	./.	./.	./.	./.	./.	./.	./.	./.	./.	./.	./.	./.	./.	./.	./.	./.	./.	*
chr11	1018138	1018138	MUC6	./.	./.	./.	./.	./.	./.	./.	./.	0/1:5,3:8:99:111,0,219	./.	./.	./.	./.	./.	./.	./.	./.	./.	./.	./.	./.	0/1:4,3:7:99:114,0,230	./.	./.	./.	./.	./.	./.	./.	./.	./.	./.	./.	./.	./.	./.	./.	./.	./.	./.	./.	./.	./.	./.	./.	*
chr11	1018144	1018144	MUC6	./.	./.	./.	./.	./.	./.	./.	./.	0/1:5,5:10:99:154,0,213	./.	./.	./.	./.	./.	./.	./.	./.	./.	./.	./.	./.	0/1:4,3:7:99:114,0,230	./.	./.	./.	./.	./.	./.	./.	./.	./.	./.	./.	./.	./.	./.	./.	./.	./.	./.	./.	./.	./.	./.	./.	*
chr11	5664629	5664629	TRIM34,TRIM6-TRIM34	./.	0/1:65,47:112:99:1610,0,2077	./.	1/1:6,71:77:7:2689,7,0	./.	./.	./.	./.	./.	./.	./.	./.	./.	./.	./.	./.	./.	./.	./.	./.	./.	./.	./.	./.	./.	./.	./.	./.	./.	./.	./.	./.	1/1:8,142:150:99:5410,135,0	0/1:5,9:14:99:301,0,160	0/1:95,100:195:99:3498,0,3085	./.	./.	./.	./.	1/1:2,100:102:99:4046,224,0	./.	./.	./.	1/1:0,63:63:99:2539,189,0	./.	NA
chr11	49076898	49076898	TRIM64C	./.	./.	./.	./.	./.	./.	./.	./.	./.	./.	./.	./.	./.	./.	./.	./.	./.	./.	./.	./.	1/1:0,4:4:12:137,12,0	./.	./.	./.	./.	./.	./.	./.	./.	1/1:0,8:8:24:315,24,0	./.	./.	0/1:2,2:4:59:71,0,59	./.	1/1:0,4:4:12:149,12,0	./.	./.	./.	./.	./.	0/1:3,5:8:81:160,0,81	./.	./.	./.	./.	*
chr11	49080616	49080616	TRIM64C	0/1:2,8:10:37:280,0,37	./.	0/1:2,13:15:32:425,0,32	./.	1/1:0,5:5:15:153,15,0	1/1:0,4:4:12:153,12,0	./.	./.	0/1:1,9:10:5:290,0,5	./.	./.	1/1:0,8:8:24:286,24,0	./.	1/1:0,4:4:12:148,12,0	0/1:2,13:15:30:437,0,30	./.	1/1:0,5:5:15:164,15,0	1/1:1,14:15:13:449,13,0	./.	1/1:0,6:6:18:215,18,0	./.	./.	./.	./.	./.	./.	./.	./.	./.	./.	0/1:5,5:10:99:163,0,178	1/1:0,5:5:15:179,15,0	./.	0/1:3,16:19:53:509,0,53	0/1:1,7:8:16:242,0,16	0/1:1,9:10:11:295,0,11	1/1:0,10:10:30:370,30,0	0/1:4,9:13:99:300,0,119	./.	./.	./.	1/1:0,10:10:30:370,30,0	./.	1/1:0,12:12:36:433,36,0	./.	*
chr11	56143158	56143158	OR8U1,OR8U8	./.	./.	./.	./.	./.	./.	./.	./.	./.	./.	./.	./.	./.	0/1:18,19:37:99:688,0,714	./.	0/1:16,11:27:99:414,0,639	./.	./.	./.	./.	./.	./.	./.	./.	./.	./.	./.	./.	./.	./.	./.	./.	./.	./.	0/1:47,22:69:99:747,0,1889	./.	./.	./.	./.	./.	./.	./.	./.	./.	./.	*
chr11	56143716	56143716	OR8U1,OR8U8	./.	./.	./.	./.	0/1:9,21:30:99:852,0,357	./.	./.	./.	./.	./.	./.	0/1:13,18:31:99:795,0,776	./.	./.	./.	./.	0/1:104,77:181:99:2992,0,33011	./.	0/1:41,29:70:99:1136,0,12036	./.	0/1:9,11:20:99:552,0,462	./.	./.	./.	./.	./.	./.	./.	./.	./.	./.	0/1:51,26:77:99:932,0,16351	./.	./.	./.	./.	./.	./.	./.	./.	./.	./.	./.	./.	./.	*
chr11	56143717	56143717	OR8U1,OR8U8	./.	./.	./.	./.	0/1:9,21:30:99:852,0,357	./.	./.	./.	./.	./.	./.	0/1:13,17:30:99:798,0,734	./.	./.	./.	./.	0/1:104,76:180:99:2956,0,32798	./.	0/1:41,28:69:99:1136,0,12036	./.	0/1:9,12:21:99:519,0,339	./.	./.	./.	./.	./.	./.	./.	./.	./.	./.	0/1:52,23:75:99:935,0,16235	./.	./.	./.	./.	./.	./.	./.	./.	./.	./.	./.	./.	./.	*
chr11	56143767	56143767	OR8U1,OR8U8	./.	0/1:12,8:20:99:300,0,658	./.	0/1:35,31:66:99:1194,0,1592	0/1:7,17:24:99:725,0,240	./.	./.	./.	./.	./.	./.	0/1:8,17:25:99:725,0,488	./.	./.	./.	./.	./.	./.	./.	./.	./.	./.	./.	0/1:29,47:76:99:1912,0,1443	./.	./.	0/1:40,25:65:99:960,0,1607	./.	./.	./.	./.	0/1:43,20:63:99:742,0,1730	./.	./.	./.	./.	./.	./.	./.	./.	./.	./.	./.	./.	./.	*
chr11	56143782	56143782	OR8U1,OR8U8	./.	0/1:11,9:20:99:342,0,655	./.	0/1:34,31:65:99:1200,0,1514	0/1:7,15:22:99:609,0,249	./.	0/1:33,21:54:99:782,0,1925	./.	./.	./.	./.	0/1:6,17:23:99:696,0,407	./.	./.	./.	./.	./.	./.	./.	./.	0/1:12,9:21:99:381,0,516	./.	./.	0/1:29,40:69:99:1673,0,1461	./.	./.	0/1:35,22:57:99:818,0,1385	./.	./.	./.	./.	0/1:39,23:62:99:884,0,1649	./.	./.	./.	./.	./.	./.	./.	./.	./.	./.	./.	./.	./.	*
chr11	56143785	56143786	OR8U1,OR8U8	./.	0/1:10,8:18:99:345,0,613	./.	0/1:34,31:65:99:1197,0,1556	0/1:7,13:20:99:609,0,249	./.	./.	./.	./.	./.	./.	0/1:6,16:22:99:696,0,407	./.	./.	./.	./.	./.	./.	./.	./.	0/1:12,9:21:99:339,0,519	./.	./.	0/1:31,41:72:99:1628,0,1506	./.	./.	0/1:35,21:56:99:815,0,1427	./.	./.	./.	./.	./.	./.	./.	./.	./.	./.	./.	./.	./.	./.	./.	./.	./.	./.	*
chr11	56143803	56143803	OR8U1,OR8U8	./.	0/1:10,6:16:99:264,0,577	./.	./.	0/1:5,11:16:99:444,0,219	./.	0/1:31,24:55:99:914,0,1832	./.	./.	./.	./.	0/1:5,15:20:99:612,0,413	./.	./.	./.	./.	./.	./.	./.	./.	0/1:13,7:20:99:297,0,522	./.	./.	./.	./.	./.	0/1:35,18:53:99:689,0,1454	./.	./.	./.	./.	0/1:37,21:58:99:767,0,1532	./.	./.	./.	./.	0/1:26,23:49:99:881,0,1106	./.	./.	./.	./.	./.	./.	./.	./.	*
chr11	56143804	56143804	OR8U1,OR8U8	./.	0/1:10,6:16:99:264,0,577	./.	./.	0/1:5,11:16:99:444,0,219	./.	0/1:31,24:55:99:911,0,1874	./.	./.	./.	./.	0/1:6,15:21:99:612,0,413	./.	./.	./.	./.	./.	./.	./.	./.	0/1:13,7:20:99:255,0,525	./.	./.	0/1:30,36:66:99:1463,0,1476	./.	./.	0/1:35,18:53:99:689,0,1454	./.	./.	./.	./.	0/1:37,21:58:99:767,0,1532	./.	./.	./.	./.	0/1:26,23:49:99:881,0,1106	./.	./.	./.	./.	./.	./.	./.	./.	*
chr11	56143823	56143823	OR8U1,OR8U8	./.	0/1:10,6:16:99:222,0,580	./.	0/1:31,28:59:99:1101,0,1507	0/1:5,9:14:99:363,0,183	./.	0/1:32,23:55:99:911,0,1854	./.	./.	./.	./.	0/1:6,13:19:99:528,0,419	./.	./.	./.	./.	./.	./.	./.	./.	./.	./.	./.	0/1:30,37:67:99:1460,0,1505	./.	./.	./.	./.	./.	./.	./.	./.	./.	./.	./.	./.	0/1:30,21:51:99:791,0,1188	./.	./.	./.	./.	./.	./.	./.	0/1:39,22:61:99:845,0,1917	*
chr11	56143898	56143898	OR8U1;OR8U8	./.	0/1:9,7:16:99:264,0,399	./.	0/1:22,20:42:99:939,0,894	./.	./.	0/1:22,16:38:99:606,0,876	./.	./.	./.	./.	0/1:5,4:9:99:153,0,198	./.	./.	./.	./.	./.	./.	./.	./.	./.	0/1:42,36:78:99:1424,0,1732	./.	0/1:18,14:32:99:573,0,753	./.	./.	./.	./.	./.	./.	./.	./.	./.	./.	./.	./.	./.	0/1:78,38:116:99:1358,0,3203	./.	./.	./.	0/1:13,6:19:99:249,0,609	./.	./.	0/1:40,23:63:99:881,0,1810	*
chr11	56143907	56143907	OR8U1;OR8U8	./.	0/1:9,7:16:99:267,0,357	./.	0/1:21,19:40:99:735,0,825	./.	./.	0/1:20,15:35:99:612,0,792	./.	0/1:27,12:39:99:423,0,1229	./.	./.	0/1:5,3:8:99:111,0,201	./.	./.	./.	./.	./.	./.	./.	./.	./.	0/1:39,34:73:99:1349,0,1612	./.	0/1:17,11:28:99:411,0,681	./.	./.	./.	./.	0/1:14,18:32:99:711,0,576	./.	./.	0/1:29,13:42:99:459,0,1179	./.	./.	./.	./.	./.	0/1:74,38:112:99:1373,0,2968	./.	./.	./.	0/1:14,7:21:99:252,0,567	./.	./.	0/1:40,22:62:99:845,0,1729	*
chr11	56143976	56143976	OR8U1	./.	./.	./.	0/1:15,10:25:99:354,0,600	./.	./.	./.	./.	./.	./.	./.	0/1:5,4:9:99:153,0,198	./.	./.	./.	./.	./.	./.	./.	./.	./.	./.	./.	./.	./.	./.	./.	./.	0/1:13,10:23:99:381,0,516	./.	./.	./.	./.	./.	0/1:27,12:39:99:420,0,1180	./.	./.	./.	./.	./.	./.	./.	./.	./.	0/1:22,14:36:99:555,0,1123	*
chr11	56143987	56143987	OR8U1	./.	./.	./.	0/1:14,8:22:99:315,0,561	./.	./.	./.	./.	./.	./.	./.	0/1:5,3:8:99:111,0,201	./.	./.	./.	./.	./.	./.	./.	./.	./.	./.	./.	./.	./.	./.	./.	./.	0/1:15,9:24:99:333,0,603	./.	./.	./.	./.	./.	./.	./.	./.	./.	./.	./.	./.	./.	./.	./.	0/1:23,13:36:99:477,0,1045	*
chr11	56143996	56143996	OR8U1	./.	./.	./.	0/1:12,7:19:99:258,0,483	./.	./.	./.	./.	./.	./.	./.	0/1:5,3:8:99:111,0,201	./.	./.	./.	./.	./.	./.	./.	./.	./.	./.	./.	./.	./.	./.	./.	./.	0/1:14,8:22:99:291,0,606	./.	./.	./.	./.	./.	./.	./.	./.	./.	./.	./.	./.	./.	./.	./.	0/1:22,11:33:99:438,0,966	*
chr11	76890116	76890116	MYO7A	1/1:0,4:4:12:137,12,0	0/1:1,3:4:31:102,0,31	./.	./.	./.	./.	./.	1/1:0,12:12:36:412,36,0	./.	./.	./.	./.	1/1:0,8:8:24:285,24,0	0/1:2,4:6:60:123,0,60	./.	./.	./.	./.	./.	./.	./.	1/1:0,4:4:12:147,12,0	0/1:2,4:6:61:129,0,61	./.	./.	./.	./.	./.	0/1:3,11:14:71:347,0,71	./.	./.	./.	1/1:0,9:9:27:328,27,0	./.	0/1:3,5:8:92:163,0,92	1/1:0,40:40:99:1414,120,0	./.	./.	0/1:1,6:7:20:169,0,20	./.	./.	./.	./.	1/1:0,11:11:33:423,33,0	./.	*
chr11	77815060	77815060	ALG8	./.	./.	./.	./.	./.	./.	./.	1/1:1,29:30:78:976,78,0	0/1:14,14:28:99:454,0,467	./.	./.	./.	./.	./.	./.	./.	./.	./.	./.	./.	./.	./.	./.	./.	./.	./.	./.	./.	./.	./.	./.	./.	./.	0/1:7,40:47:99:1375,0,127	0/1:7,9:16:99:284,0,229	./.	./.	./.	./.	./.	./.	./.	./.	0/1:5,19:24:97:631,0,97	./.	NA
chr11	117109610	117109610	RNF214	0/1:28,17:45:99:518,0,1079	./.	1/1:0,25:25:75:991,75,0	./.	./.	./.	./.	./.	0/1:59,48:107:99:1631,0,2128	./.	./.	./.	./.	./.	./.	./.	./.	./.	./.	./.	./.	./.	./.	./.	./.	./.	./.	1/1:0,62:62:99:2690,187,0	./.	./.	./.	./.	0/1:37,36:73:99:1322,0,1288	1/1:0,10:10:30:429,30,0	0/1:12,43:55:99:1619,0,335	0/1:30,137:167:99:5137,0,723	0/1:45,37:82:99:1231,0,1629	./.	./.	0/1:34,26:60:99:896,0,1190	./.	./.	./.	./.	./.	NA
chr12	57965875	57965875	KIF5A	0/1:37,170:207:99:6370,0,801	0/1:31,210:241:99:7748,0,440	./.	0/1:26,112:138:99:4101,0,633	0/1:1,5:6:23:164,0,23	./.	./.	./.	0/1:78,170:248:99:6208,0,2243	./.	./.	./.	./.	./.	./.	./.	./.	./.	./.	./.	./.	./.	./.	./.	./.	./.	1/1:5,212:217:99:8270,459,0	./.	0/1:52,39:91:99:1261,0,1630	./.	./.	./.	0/1:54,42:96:99:1464,0,1795	./.	./.	./.	0/1:32,243:275:99:8974,0,361	./.	0/1:56,61:117:99:2018,0,1734	0/1:79,115:194:99:4105,0,2400	./.	./.	./.	./.	./.	NA
chr13	25670801	25670801	PABPC3	./.	./.	./.	./.	./.	./.	./.	./.	./.	./.	./.	./.	./.	./.	./.	./.	./.	./.	./.	./.	./.	./.	./.	./.	./.	./.	./.	./.	./.	./.	./.	./.	./.	./.	./.	./.	./.	./.	./.	./.	./.	0/1:1,3:4:72:141,0,72	./.	./.	./.	NA
chr13	25670803	25670803	PABPC3	./.	./.	./.	./.	./.	./.	./.	./.	./.	./.	./.	./.	./.	./.	./.	./.	./.	./.	./.	./.	./.	./.	./.	./.	./.	./.	./.	./.	./.	./.	./.	./.	./.	./.	./.	./.	./.	./.	./.	./.	./.	0/1:2,4:6:72:141,0,72	./.	./.	./.	NA
chr13	25670851	25670851	PABPC3	./.	./.	./.	./.	./.	./.	./.	./.	./.	./.	./.	./.	./.	./.	./.	./.	./.	./.	./.	./.	./.	./.	./.	./.	./.	./.	./.	./.	./.	./.	./.	./.	./.	./.	./.	./.	./.	./.	./.	./.	./.	0/1:1,8:9:7:260,0,7	./.	0/1:1,16:17:37:669,0,37	./.	NA
chr13	25670868	25670868	PABPC3	./.	./.	./.	./.	./.	./.	./.	./.	./.	./.	./.	./.	./.	./.	./.	./.	./.	./.	./.	./.	./.	./.	./.	./.	./.	./.	./.	./.	./.	./.	./.	./.	./.	./.	./.	./.	./.	./.	./.	./.	./.	0/1:1,8:9:18:333,0,18	./.	0/1:1,16:17:37:669,0,37	./.	NA
chr13	25670877	25670877	PABPC3	./.	./.	./.	./.	./.	./.	./.	./.	./.	./.	./.	./.	./.	./.	./.	./.	./.	./.	./.	./.	./.	./.	./.	./.	./.	./.	./.	./.	./.	./.	./.	./.	./.	./.	./.	./.	./.	./.	./.	./.	./.	0/1:1,8:9:18:333,0,18	./.	0/1:1,16:17:37:669,0,37	./.	NA
chr13	25670907	25670907	PABPC3	./.	./.	./.	./.	./.	./.	./.	./.	./.	./.	./.	./.	./.	./.	./.	./.	./.	./.	./.	./.	./.	./.	./.	./.	./.	./.	./.	./.	./.	./.	./.	./.	./.	./.	./.	./.	./.	./.	./.	./.	./.	1/1:0,7:7:21:279,21,0	./.	0/1:1,15:16:34:627,0,34	./.	NA
chr13	25670919	25670919	PABPC3	./.	./.	./.	./.	./.	./.	./.	./.	./.	./.	./.	./.	./.	./.	./.	./.	./.	./.	./.	./.	./.	./.	./.	./.	./.	./.	./.	./.	./.	./.	./.	./.	./.	./.	./.	./.	./.	./.	./.	./.	./.	1/1:0,6:6:18:191,18,0	./.	0/1:1,16:17:31:657,0,31	./.	NA
chr13	25670953	25670953	PABPC3	./.	./.	./.	./.	./.	./.	./.	./.	./.	./.	./.	./.	./.	./.	./.	./.	./.	./.	./.	./.	./.	./.	./.	./.	./.	./.	./.	./.	./.	./.	./.	./.	./.	./.	./.	./.	./.	./.	./.	./.	./.	0/1:2,4:6:99:162,0,119	./.	1/1:0,15:15:45:631,45,0	./.	NA
chr13	25670955	25670955	PABPC3	./.	./.	./.	./.	./.	./.	./.	./.	./.	./.	./.	./.	./.	./.	./.	./.	./.	./.	./.	./.	./.	./.	./.	./.	./.	./.	./.	./.	./.	./.	./.	./.	./.	./.	./.	./.	./.	./.	./.	./.	./.	0/1:2,4:6:99:162,0,119	./.	1/1:0,13:13:45:631,45,0	./.	NA
chr13	25671155	25671158	PABPC3	0/1:120:99	./.	./.	./.	./.	./.	./.	./.	0/1:187:99	./.	./.	./.	./.	0/2:26:99	./.	./.	./.	./.	./.	./.	0/2:77:99	0/2:10:99	0/2:32:99	./.	./.	./.	./.	./.	./.	./.	./.	./.	./.	0/1:163:99	0/1:208:99	./.	./.	./.	./.	0/1:249:99	./.	0/1:38:19	./.	0/1:216:99	./.	NA
chr13	25671155	25671163	PABPC3	0/1:120:99	./.	./.	./.	./.	./.	./.	./.	0/1:187:99	./.	./.	./.	./.	0/2:26:99	./.	./.	./.	./.	./.	./.	0/2:77:99	0/2:10:99	0/2:32:99	./.	./.	./.	./.	./.	./.	./.	./.	./.	./.	0/1:163:99	0/1:208:99	./.	./.	./.	./.	0/1:249:99	./.	0/1:38:19	./.	0/1:216:99	./.	NA
chr13	25671667	25671667	PABPC3	./.	./.	./.	./.	./.	./.	./.	./.	./.	./.	./.	./.	./.	./.	./.	./.	./.	./.	./.	./.	./.	./.	./.	./.	./.	./.	./.	./.	./.	./.	./.	./.	./.	./.	./.	./.	./.	./.	./.	./.	./.	./.	./.	0/1:4,3:7:99:114,0,141	./.	NA
chr13	25671672	25671672	PABPC3	./.	./.	./.	./.	./.	./.	./.	./.	./.	./.	./.	./.	./.	./.	./.	./.	./.	./.	./.	./.	./.	./.	./.	./.	./.	./.	./.	./.	./.	./.	./.	./.	./.	./.	./.	./.	./.	./.	./.	./.	./.	./.	./.	0/1:3,3:6:99:117,0,117	./.	NA
chr13	108881685	108881685	ABHD13	./.	./.	./.	0/1:4,22:26:78:824,0,78	./.	./.	./.	./.	0/1:11,9:20:99:335,0,376	./.	./.	./.	./.	./.	./.	./.	./.	./.	./.	./.	./.	./.	./.	./.	./.	./.	./.	./.	./.	./.	./.	./.	0/1:11,12:23:99:371,0,347	0/1:1,8:9:14:308,0,14	0/1:17,19:36:99:619,0,535	./.	./.	./.	./.	./.	./.	./.	./.	./.	./.	NA
chr14	105410383	105410383	AHNAK2	./.	./.	./.	./.	./.	./.	./.	0/1:1,4:5:15:165,0,15	./.	./.	./.	./.	./.	./.	./.	./.	./.	./.	./.	./.	./.	./.	./.	./.	./.	./.	./.	./.	./.	./.	./.	./.	./.	./.	./.	./.	./.	./.	./.	./.	./.	./.	./.	./.	./.	*
chr14	105416872	105416872	AHNAK2	./.	1/1:0,8:8:24:285,24,0	./.	./.	./.	./.	./.	./.	./.	./.	./.	1/1:0,13:13:38:407,38,0	1/1:0,8:8:24:282,24,0	1/1:0,11:11:33:397,33,0	1/1:0,6:6:18:221,18,0	1/1:0,5:5:15:173,15,0	1/1:0,5:5:15:176,15,0	./.	./.	./.	./.	./.	./.	./.	./.	./.	1/1:0,7:7:21:228,21,0	./.	./.	./.	./.	./.	1/1:0,4:4:12:119,12,0	./.	./.	./.	./.	./.	1/1:0,10:10:30:354,30,0	./.	./.	./.	./.	./.	./.	*
chr14	105418234	105418234	AHNAK2	./.	./.	./.	./.	./.	./.	./.	./.	./.	./.	./.	./.	./.	./.	./.	./.	./.	./.	./.	./.	./.	./.	./.	./.	./.	./.	./.	./.	./.	./.	./.	./.	./.	./.	0/1:18,10:28:99:354,0,726	./.	./.	./.	./.	./.	./.	./.	./.	./.	./.	*
chr14	105418235	105418235	AHNAK2	./.	./.	./.	./.	./.	./.	./.	./.	./.	./.	./.	./.	./.	./.	./.	./.	./.	./.	./.	./.	./.	./.	./.	./.	./.	./.	./.	./.	./.	./.	./.	./.	./.	./.	0/1:18,9:27:99:396,0,723	./.	./.	./.	./.	./.	./.	./.	./.	./.	./.	*
chr15	34065738	34065738	RYR3	./.	./.	./.	./.	./.	./.	./.	./.	0/1:21,22:43:99:702,0,725	./.	./.	./.	./.	./.	./.	./.	./.	./.	./.	./.	./.	./.	./.	./.	./.	./.	./.	0/1:2,2:4:42:69,0,42	./.	./.	./.	./.	0/1:1,6:7:21:201,0,21	./.	./.	1/1:0,15:15:44:529,44,0	./.	./.	./.	./.	./.	1/1:0,13:13:39:499,39,0	./.	0/1:15,12:27:99:368,0,493	./.	NA
chr15	43500904	43500904	EPB42	./.	./.	1/1:11,613:624:99:22072,1518,0	./.	0/1:34,192:226:99:6510,0,618	./.	./.	1/1:0,419:419:99:15677,1258,0	0/1:122,106:228:99:3388,0,3662	./.	./.	./.	./.	./.	./.	./.	./.	./.	./.	./.	./.	./.	./.	./.	./.	./.	./.	./.	0/1:44,120:164:99:3924,0,1179	./.	./.	./.	./.	1/1:2,110:112:99:4225,262,0	0/1:50,108:158:99:3639,0,1392	0/1:27,45:72:99:1500,0,779	0/1:65,38:103:99:1129,0,2046	./.	0/1:51,51:102:99:1625,0,1643	1/1:7,93:100:54:3299,54,0	./.	./.	./.	./.	./.	NA
chr15	64915062	64915062	ZNF609	0/1:5,51:56:34:1760,0,34	0/1:15,83:98:99:2771,0,246	./.	./.	1/1:8,261:269:99:9805,530,0	./.	./.	1/1:3,55:58:85:1917,85,0	0/1:20,54:74:99:1856,0,553	./.	./.	./.	./.	./.	./.	./.	./.	./.	./.	./.	./.	./.	./.	./.	./.	./.	0/1:48,33:81:99:921,0,1570	1/1:0,82:82:99:3331,246,0	./.	0/1:1,10:11:8:362,0,8	./.	./.	./.	0/1:30,51:81:99:1749,0,870	0/1:38,30:68:99:977,0,1241	./.	./.	0/1:52,62:114:99:1996,0,1638	0/1:56,55:111:99:1746,0,1739	0/1:16,27:43:99:888,0,479	./.	1/1:8,276:284:99:10326,563,0	./.	./.	./.	NA
chr15	86227989	86227989	AKAP13	0/1:89,64:153:99:2130,0,2946	./.	./.	./.	./.	./.	./.	./.	./.	./.	./.	./.	./.	./.	./.	./.	./.	./.	./.	./.	./.	./.	./.	./.	./.	./.	./.	1/1:6,78:84:15:3010,15,0	./.	./.	./.	./.	0/1:11,31:42:99:1179,0,291	0/1:30,38:68:99:1336,0,963	./.	./.	0/1:14,29:43:99:1071,0,407	./.	./.	0/1:64,33:97:99:1082,0,2185	./.	./.	./.	1/1:0,168:168:99:6798,503,0	./.	NA
chr16	28354309	28354309	NPIPB6	0/1:5,6:11:99:181,0,151	./.	./.	0/1:3,10:13:69:346,0,69	./.	./.	./.	0/1:9,8:17:99:238,0,255	./.	0/1:4,7:11:94:235,0,94	./.	./.	0/1:4,4:8:99:113,0,118	./.	./.	./.	./.	./.	1/1:0,11:11:32:375,32,0	0/1:1,8:9:11:282,0,11	./.	./.	./.	0/1:6,17:23:99:539,0,169	./.	./.	0/1:5,4:9:99:127,0,190	./.	./.	./.	1/1:0,4:4:12:160,12,0	./.	./.	./.	0/1:2,4:6:89:155,0,89	./.	0/1:10,8:18:99:245,0,309	./.	./.	./.	./.	0/1:1,8:9:4:261,0,4	./.	./.	./.	*
chr16	71773190	71773190	AP1G1	0/1:19,25:44:99:769,0,615	./.	./.	./.	./.	./.	0/1:7,23:30:99:704,0,166	./.	./.	./.	./.	./.	1/1:1,21:22:24:695,24,0	./.	./.	0/1:29,22:51:99:583,0,952	./.	./.	0/1:9,27:36:99:836,0,230	./.	./.	0/1:3,10:13:51:315,0,51	0/1:5,33:38:80:1073,0,80	0/1:3,16:19:68:527,0,68	./.	1/1:0,13:13:38:454,38,0	./.	./.	./.	1/1:0,52:52:99:1800,155,0	0/1:14,14:28:99:401,0,498	./.	./.	./.	./.	./.	./.	./.	0/1:12,10:22:99:284,0,416	./.	1/1:0,7:7:21:252,21,0	./.	./.	./.	./.	*
chr16	71884758	71884758	ATXN1L	./.	1/1:0,333:333:99:12559,997,0	0/1:714,613:1327:99:18969,0,22198	0/1:27,142:169:99:4964,0,526	0/1:121,70:191:99:2036,0,4199	./.	./.	0/1:8,42:50:99:1524,0,133	0/1:208,259:467:99:8493,0,6412	./.	./.	./.	./.	./.	./.	./.	./.	./.	./.	./.	./.	./.	./.	./.	./.	./.	0/1:216,140:356:99:4259,0,6786	./.	0/1:39,112:151:99:3738,0,942	./.	./.	./.	./.	./.	./.	1/1:7,116:123:99:3963,124,0	./.	./.	./.	0/1:243,159:402:99:4842,0,8204	./.	./.	./.	./.	./.	NA
chr16	88600729	88600729	ZFPM1	./.	./.	./.	./.	./.	./.	./.	./.	./.	./.	./.	0/1:4,9:13:99:226,0,125	./.	./.	./.	./.	0/1:4,6:10:99:178,0,135	./.	./.	./.	./.	./.	1/1:0,5:5:15:186,15,0	1/1:0,7:7:21:218,21,0	./.	./.	1/1:0,21:21:62:697,62,0	./.	./.	./.	./.	./.	./.	1/1:0,4:4:12:160,12,0	1/1:0,4:4:12:118,12,0	./.	0/1:2,11:13:47:325,0,47	./.	./.	./.	./.	./.	./.	1/1:0,4:4:12:141,12,0	./.	NA
chr17	8053573	8053573	PER1	0/1:22,87:109:99:3578,0,1464	./.	./.	0/1:4,65:69:99:2670,0,133	1/1:0,21:21:63:945,63,0	./.	0/1:13,128:141:99:5269,0,668	0/1:103,459:562:99:18964,0,5277	0/1:33,478:511:99:19834,0,726	./.	./.	./.	./.	./.	./.	./.	./.	./.	./.	./.	./.	./.	./.	./.	./.	./.	./.	1/1:0,17:17:51:721,51,0	0/1:41,96:137:99:3877,0,2859	./.	./.	./.	0/1:9,117:126:99:4941,0,296	1/1:1,42:43:41:1802,41,0	1/1:13,541:554:99:23650,1015,0	0/1:326,420:746:99:16588,0,14810	0/1:97,269:366:99:10995,0,6597	./.	0/1:83,348:431:99:14401,0,5219	1/1:0,791:791:99:35299,2381,0	./.	1/1:2,1546:1548:99:68967,4566,0	./.	./.	./.	NA
chr17	8243661	8243661	ODF4	0/1:59,49:108:99:1418,0,1956	./.	./.	./.	./.	0/1:27,18:45:99:572,0,818	./.	./.	./.	./.	./.	./.	./.	./.	./.	0/1:59,143:202:99:4835,0,1533	./.	./.	0/1:28,33:61:99:1059,0,825	1/1:1,65:66:99:2308,187,0	0/1:104,73:177:99:2234,0,3275	./.	./.	0/1:8,6:14:99:170,0,238	./.	1/1:0,4:4:12:164,12,0	./.	./.	./.	./.	0/1:25,80:105:99:2677,0,636	1/1:0,55:55:99:2023,165,0	./.	./.	./.	./.	0/1:27,31:58:99:968,0,840	0/1:73,77:150:99:2373,0,2180	0/1:125,95:220:99:2829,0,3978	./.	./.	./.	./.	./.	./.	*
chr17	11651057	11651057	DNAH9	0/1:55,43:98:99:1517,0,1862	./.	./.	./.	./.	0/1:3,4:7:68:131,0,68	./.	./.	./.	./.	./.	0/1:5,42:47:55:1588,0,55	0/1:10,20:30:99:718,0,279	./.	./.	0/1:28,17:45:99:550,0,934	./.	./.	0/1:4,7:11:99:253,0,118	0/1:1,3:4:15:116,0,15	0/1:9,7:16:99:243,0,184	./.	./.	./.	0/1:13,154:167:27:5703,0,27	./.	0/1:69,85:154:99:2791,0,2178	./.	1/1:0,24:24:72:932,72,0	./.	1/1:1,11:12:10:447,10,0	1/1:0,41:41:99:1672,123,0	./.	./.	./.	./.	./.	./.	./.	./.	1/1:0,10:10:30:371,30,0	./.	./.	./.	./.	*
chr17	18087863	18087863	ALKBH5	./.	1/1:6,73:79:6:2280,6,0	0/1:5,8:13:99:248,0,182	1/1:4,151:155:99:5262,293,0	1/1:0,225:225:99:8418,675,0	./.	./.	./.	1/1:7,104:111:52:3489,52,0	./.	./.	./.	./.	./.	./.	./.	./.	./.	./.	./.	./.	./.	./.	./.	./.	./.	./.	1/1:0,4:4:12:141,12,0	./.	./.	./.	./.	1/1:0,16:16:48:628,48,0	1/1:0,64:64:99:2450,192,0	0/1:18,43:61:99:1405,0,568	./.	./.	./.	0/1:5,15:20:99:486,0,161	1/1:0,70:70:99:2552,209,0	./.	1/1:0,33:33:99:1253,99,0	1/1:0,4:4:12:149,12,0	./.	./.	NA
chr17	34072991	34072991	GAS2L2	./.	0/1:158,155:313:99:4847,0,5190	0/1:190,342:532:99:11011,0,5669	./.	1/1:0,109:109:99:4100,327,0	./.	./.	./.	0/1:107,71:178:99:2204,0,3822	./.	./.	./.	./.	./.	./.	./.	./.	./.	./.	./.	./.	./.	./.	./.	./.	./.	./.	./.	0/1:48,45:93:99:1341,0,1565	./.	./.	./.	./.	0/1:41,419:460:99:14859,0,270	0/1:216,115:331:99:3436,0,7561	./.	./.	./.	./.	./.	./.	./.	./.	./.	./.	NA
chr17	36099556	36099556	HNF1B	./.	./.	./.	1/1:12,372:384:99:14180,764,0	1/1:9,174:183:99:6468,257,0	./.	./.	./.	./.	./.	./.	./.	./.	./.	./.	./.	./.	./.	./.	./.	./.	./.	./.	./.	./.	./.	./.	./.	./.	./.	./.	./.	./.	./.	./.	./.	./.	./.	./.	./.	./.	1/1:1,167:168:99:6649,468,0	./.	1/1:1,157:158:99:6278,464,0	./.	NA
chr17	45214648	45214648	CDC27	./.	./.	./.	./.	./.	./.	./.	./.	./.	./.	0/1:1,4:5:27:207,0,27	0/1:2,16:18:36:666,0,36	./.	0/1:25,22:47:99:891,0,981	0/1:3,9:12:99:411,0,1596	./.	./.	0/1:10,37:47:99:1691,0,472	./.	./.	./.	0/1:10,23:33:99:1104,0,339	./.	./.	./.	./.	./.	./.	0/1:10,9:19:99:387,0,645	1/1:0,4:4:15:225,15,0	./.	./.	0/1:16,7:23:99:414,0,675	./.	./.	./.	./.	./.	0/1:28,13:41:99:504,0,1160	./.	0/1:1,3:4:30:165,0,30	./.	./.	./.	./.	*
chr17	45214699	45214699	CDC27	0/1:5,11:16:99:359,0,218	./.	./.	./.	./.	./.	./.	./.	./.	./.	./.	0/1:3,13:16:87:537,0,87	./.	./.	1/1:0,7:7:21:315,21,0	./.	./.	0/1:11,13:24:99:369,0,339	./.	./.	./.	0/1:9,10:19:99:284,0,311	./.	./.	./.	./.	./.	./.	./.	./.	./.	./.	./.	./.	./.	./.	./.	./.	./.	./.	./.	./.	./.	./.	./.	*
chr17	45219686	45219686	CDC27	./.	./.	./.	./.	./.	./.	./.	./.	./.	./.	./.	./.	./.	./.	./.	./.	./.	0/1:2,3:5:75:120,0,75	./.	./.	./.	./.	./.	./.	./.	./.	./.	./.	./.	./.	./.	./.	./.	./.	./.	./.	./.	./.	./.	./.	./.	./.	./.	./.	./.	*
chr17	45219688	45219688	CDC27	./.	./.	./.	./.	./.	./.	./.	./.	./.	./.	./.	./.	./.	./.	./.	./.	./.	0/1:2,3:5:75:120,0,75	./.	./.	./.	./.	./.	./.	./.	./.	./.	./.	./.	./.	./.	./.	./.	./.	./.	./.	./.	./.	./.	./.	./.	./.	./.	./.	./.	*
chr17	45219702	45219702	CDC27	./.	./.	./.	./.	./.	./.	./.	./.	./.	./.	./.	./.	./.	./.	./.	./.	./.	0/1:1,3:4:33:123,0,33	./.	./.	./.	./.	./.	./.	./.	./.	./.	./.	./.	./.	./.	./.	./.	./.	./.	./.	./.	./.	./.	./.	./.	./.	./.	./.	./.	*
chr17	45219714	45219714	CDC27	./.	./.	./.	./.	./.	./.	./.	./.	./.	./.	./.	./.	./.	./.	./.	./.	./.	0/1:1,3:4:33:123,0,33	./.	./.	./.	./.	./.	./.	./.	./.	./.	./.	./.	./.	./.	./.	./.	./.	./.	./.	./.	./.	./.	./.	./.	./.	./.	./.	./.	*
chr17	45219723	45219723	CDC27	./.	./.	./.	./.	./.	./.	./.	./.	./.	./.	./.	./.	./.	./.	./.	./.	./.	0/1:2,3:5:60:120,0,60	./.	./.	./.	./.	./.	./.	./.	./.	./.	./.	./.	./.	./.	./.	./.	./.	./.	./.	./.	./.	./.	./.	./.	./.	./.	./.	./.	*
chr17	45221251	45221251	CDC27	./.	./.	./.	./.	./.	./.	./.	./.	./.	./.	./.	./.	./.	0/1:3,5:8:83:129,0,83	./.	./.	./.	./.	./.	./.	./.	./.	./.	./.	./.	./.	1/1:0,5:5:15:174,15,0	./.	./.	./.	0/1:4,5:9:99:141,0,131	./.	./.	./.	./.	./.	./.	./.	./.	./.	./.	./.	./.	./.	./.	*
chr17	45221286	45221286	CDC27	0/1:2,7:9:57:217,0,57	./.	./.	./.	./.	./.	./.	./.	./.	./.	./.	0/1:1,10:11:8:323,0,8	0/1:5,4:9:99:124,0,182	./.	./.	0/1:3,4:7:99:120,0,111	./.	0/1:7,8:15:99:237,0,240	./.	./.	./.	./.	./.	./.	./.	./.	1/1:0,6:6:18:208,18,0	./.	./.	./.	0/1:4,6:10:99:166,0,147	./.	./.	./.	./.	./.	./.	./.	./.	./.	./.	./.	./.	./.	./.	*
chr17	45221346	45221346	CDC27	./.	./.	./.	./.	./.	./.	./.	./.	./.	./.	./.	0/2:6:53	./.	0/1:5:90	./.	0/4:6:99	./.	./.	./.	./.	./.	./.	./.	./.	./.	./.	3/3:5:15	./.	./.	./.	./.	./.	./.	./.	./.	./.	./.	./.	./.	./.	./.	./.	./.	./.	./.	*
chr17	45221346	45221346	CDC27	./.	./.	./.	./.	./.	./.	./.	./.	./.	./.	./.	0/2:6:53	./.	0/1:5:90	./.	0/4:6:99	./.	./.	./.	./.	./.	./.	./.	./.	./.	./.	3/3:5:15	./.	./.	./.	./.	./.	./.	./.	./.	./.	./.	./.	./.	./.	./.	./.	./.	./.	./.	*
chr17	45221346	45221346	CDC27	./.	./.	./.	./.	./.	./.	./.	./.	./.	./.	./.	0/2:6:53	./.	0/1:5:90	./.	0/4:6:99	./.	./.	./.	./.	./.	./.	./.	./.	./.	./.	3/3:5:15	./.	./.	./.	./.	./.	./.	./.	./.	./.	./.	./.	./.	./.	./.	./.	./.	./.	./.	*
chr17	45221346	45221346	CDC27	./.	./.	./.	./.	./.	./.	./.	./.	./.	./.	./.	0/2:6:53	./.	0/1:5:90	./.	0/4:6:99	./.	./.	./.	./.	./.	./.	./.	./.	./.	./.	3/3:5:15	./.	./.	./.	./.	./.	./.	./.	./.	./.	./.	./.	./.	./.	./.	./.	./.	./.	./.	*
chr17	45249316	45249316	CDC27	./.	./.	./.	./.	./.	./.	./.	./.	./.	./.	./.	0/1:1,5:6:27:200,0,27	./.	./.	./.	./.	./.	./.	0/1:2,2:4:75:75,0,160	./.	./.	./.	./.	./.	./.	./.	./.	./.	./.	./.	./.	./.	./.	./.	./.	./.	./.	./.	./.	./.	./.	./.	./.	./.	./.	*
chr17	45266522	45266522	CDC27	./.	./.	./.	./.	./.	./.	./.	./.	./.	./.	./.	./.	./.	./.	./.	./.	./.	./.	./.	./.	./.	./.	./.	./.	./.	./.	./.	0/1:2,2:4:78:78,0,114	./.	./.	./.	./.	./.	./.	./.	./.	./.	./.	./.	./.	./.	./.	./.	./.	./.	*
chr17	45266535	45266535	CDC27	./.	./.	./.	./.	./.	./.	./.	./.	./.	./.	./.	./.	./.	./.	./.	./.	./.	./.	./.	./.	./.	./.	./.	./.	./.	./.	./.	0/1:2,2:4:78:78,0,114	./.	./.	./.	./.	./.	./.	./.	./.	./.	./.	./.	./.	./.	./.	./.	./.	./.	*
chr19	501682	501682	MADCAM1	./.	./.	./.	./.	./.	./.	./.	./.	./.	./.	./.	./.	./.	./.	./.	1/1:0,4:4:12:155,12,0	./.	0/1:1,3:4:25:113,0,25	./.	./.	./.	./.	./.	./.	./.	./.	./.	./.	./.	./.	./.	./.	./.	./.	./.	./.	./.	./.	./.	./.	./.	./.	./.	./.	./.	*
chr19	501719	501719	MADCAM1	./.	./.	1/1:0,23:23:69:932,69,0	./.	./.	0/1:3,4:7:99:142,0,103	./.	./.	./.	./.	./.	./.	0/1:2,5:7:35:191,0,35	./.	./.	./.	./.	./.	./.	./.	./.	./.	./.	./.	./.	./.	./.	./.	./.	./.	0/1:3,4:7:76:156,0,76	./.	0/1:1,5:6:18:146,0,18	./.	./.	./.	0/1:3,4:7:99:147,0,101	./.	./.	./.	./.	./.	./.	./.	0/1:1,3:4:33:115,0,33	*
chr19	501738	501738	MADCAM1	./.	./.	./.	./.	./.	./.	./.	./.	./.	./.	./.	0/1:4,4:8:99:144,0,153	./.	0/1:5,8:13:99:308,0,112	./.	./.	1/1:0,7:7:22:298,22,0	./.	./.	./.	./.	./.	./.	./.	./.	./.	1/1:1,3:4:2:127,2,0	./.	1/1:0,4:4:12:165,12,0	1/1:0,11:11:34:480,34,0	./.	./.	./.	./.	0/1:3,4:7:78:137,0,78	./.	./.	0/1:2,2:4:78:78,0,78	./.	./.	./.	./.	./.	./.	./.	*
chr19	501743	501743	MADCAM1	./.	./.	./.	./.	./.	1/1:0,10:10:30:404,30,0	./.	./.	./.	./.	./.	0/1:3,16:19:78:595,0,78	./.	0/1:3,21:24:8:795,0,8	0/1:2,4:6:38:162,0,38	./.	1/1:0,12:12:35:468,35,0	./.	./.	1/1:0,7:7:21:315,21,0	./.	1/1:0,4:4:12:173,12,0	./.	./.	./.	./.	1/1:1,6:7:10:260,10,0	./.	1/1:0,8:8:24:335,24,0	1/1:0,22:22:64:928,64,0	./.	./.	./.	./.	1/1:1,12:13:29:523,29,0	./.	./.	0/1:2,5:7:69:179,0,69	0/1:1,9:10:16:375,0,16	./.	./.	./.	./.	./.	./.	*
chr19	501743	501743	MADCAM1	./.	./.	./.	./.	./.	./.	./.	./.	./.	./.	./.	./.	2/2:14:35	./.	./.	./.	./.	./.	./.	./.	./.	./.	./.	./.	./.	2/2:5:15	./.	./.	./.	./.	./.	./.	./.	./.	./.	./.	0/1:8:13	./.	./.	./.	./.	./.	./.	./.	./.	*
chr19	501743	501743	MADCAM1	./.	./.	./.	./.	./.	./.	./.	./.	./.	./.	./.	./.	2/2:14:35	./.	./.	./.	./.	./.	./.	./.	./.	./.	./.	./.	./.	2/2:5:15	./.	./.	./.	./.	./.	./.	./.	./.	./.	./.	0/1:8:13	./.	./.	./.	./.	./.	./.	./.	./.	*
chr19	17654376	17654376	FAM129C	./.	0/1:12,12:24:99:376,0,383	./.	0/1:43,128:171:99:4309,0,1093	./.	./.	./.	1/1:2,28:30:6:976,6,0	./.	./.	./.	./.	./.	./.	./.	./.	./.	./.	./.	./.	./.	./.	./.	./.	./.	./.	./.	./.	./.	./.	./.	./.	./.	0/1:11,15:26:99:524,0,366	./.	0/1:7,35:42:99:1202,0,159	0/1:120,67:187:99:1964,0,3912	./.	./.	0/1:28,72:100:99:2268,0,709	./.	1/1:0,8:8:24:330,24,0	./.	1/1:0,13:13:39:513,39,0	./.	NA
chr19	46914547	46914547	CCDC8	0/1:264,373:637:99:13647,0,9137	./.	1/1:0,6:6:18:255,18,0	0/1:52,27:79:99:875,0,1953	1/1:2,701:703:99:28560,2027,0	1/1:11,188:199:99:7275,122,0	0/1:199,844:1043:99:31699,0,5002	1/1:1,825:826:99:34235,2443,0	0/1:128,272:400:99:10021,0,4112	0/1:65,209:274:99:7675,0,1942	./.	./.	0/1:19,112:131:99:4313,0,388	./.	0/1:216,529:745:99:19643,0,6786	0/1:97,184:281:99:6760,0,3219	1/1:35,558:593:99:21423,367,0	./.	1/1:2,110:112:99:4366,264,0	./.	0/1:120,116:236:99:4110,0,4305	./.	./.	1/1:0,142:142:99:5734,426,0	./.	0/1:14,13:27:99:468,0,526	1/1:4,139:143:99:5442,273,0	1/1:0,55:55:99:2342,166,0	1/1:1,23:24:35:840,35,0	./.	0/1:315,162:477:99:5273,0,11840	./.	0/1:80,458:538:99:17553,0,1830	0/1:268,242:510:99:8655,0,9818	0/1:136,68:204:99:2161,0,5105	1/1:1,18:19:11:712,11,0	0/1:338,171:509:99:5405,0,12493	0/1:86,137:223:99:5072,0,3007	./.	1/1:3,56:59:80:2125,80,0	./.	0/1:39,252:291:99:9776,0,633	./.	1/1:0,55:55:99:2317,166,0	./.	*
chr19	46914927	46914927	CCDC8	0/1:720,753:1473:99:22642,0,21135	./.	0/1:2,12:14:11:406,0,11	0/1:87,54:141:99:1521,0,3465	1/1:22,1215:1237:99:45288,3356,0	0/1:96,357:453:99:11679,0,670	0/1:687,1530:2217:99:47002,0,13519	1/1:328,1414:1742:99:49281,2894,0	0/1:238,419:657:99:13032,0,7532	0/1:131,342:473:99:11319,0,4186	./.	./.	0/1:85,242:327:99:7447,0,1298	./.	0/1:651,937:1588:99:29186,0,14610	0/1:180,362:542:99:11496,0,6346	0/1:195,938:1133:99:29821,0,260	./.	1/1:10,199:209:99:6859,336,0	./.	0/1:248,204:452:99:5882,0,7555	./.	./.	./.	./.	0/1:10,17:27:99:543,0,367	1/1:15,275:290:99:9242,405,0	1/1:15,98:113:99:3490,145,0	1/1:3,43:46:25:1410,25,0	./.	./.	./.	0/1:306,777:1083:99:24692,0,5353	0/1:624,417:1041:99:12295,0,20312	./.	0/1:7,37:44:25:1215,0,25	./.	0/1:179,241:420:99:7216,0,6693	./.	1/1:14,111:125:99:3947,142,0	./.	0/1:59,419:478:99:13817,0,905	./.	1/1:12,99:111:99:3431,213,0	./.	*
chr19	47278822	47278822	SLC1A5	./.	./.	1/1:0,10:10:30:419,30,0	0/1:49,166:215:99:5847,0,1149	1/1:1,16:17:9:634,9,0	./.	./.	./.	0/1:70,233:303:99:8704,0,1652	./.	./.	./.	./.	./.	./.	./.	./.	./.	./.	./.	./.	./.	./.	./.	./.	./.	./.	1/1:1,36:37:75:1443,75,0	1/1:1,351:352:99:13930,1021,0	./.	./.	./.	0/1:51,173:224:99:6297,0,1159	./.	0/1:10,99:109:58:3712,0,58	1/1:1,92:93:99:3615,238,0	0/1:111,96:207:99:3218,0,3432	0/1:47,201:248:99:7397,0,1049	0/1:32,109:141:99:3987,0,782	0/1:38,156:194:99:5485,0,821	./.	./.	./.	0/1:1,3:4:22:97,0,22	./.	NA
chr19	53116532	53116532	ZNF83	./.	./.	./.	0/1:72,57:129:99:1916,0,2327	1/1:3,204:207:99:8273,593,0	./.	./.	./.	0/1:26,67:93:99:2400,0,721	./.	./.	./.	./.	./.	./.	./.	./.	./.	./.	./.	./.	./.	./.	./.	./.	./.	./.	1/1:0,8:8:24:356,24,0	./.	./.	./.	./.	1/1:9,110:119:15:4175,15,0	./.	0/1:21,17:38:99:599,0,685	1/1:0,16:16:48:655,48,0	./.	0/1:47,24:71:99:772,0,1527	0/1:46,43:89:99:1475,0,1464	0/1:4,14:18:99:499,0,106	./.	1/1:1,31:32:86:1357,86,0	./.	./.	./.	NA
chr19	55993074	55993074	ZNF628	./.	./.	0/1:114,103:217:99:2904,0,3539	0/1:170,953:1123:99:31379,0,2629	./.	0/1:7,10:17:99:279,0,213	./.	1/1:7,286:293:99:10271,716,0	./.	./.	./.	./.	./.	./.	./.	./.	./.	./.	./.	./.	./.	./.	./.	./.	./.	./.	./.	./.	0/1:139,145:284:99:4360,0,4266	./.	./.	./.	./.	0/1:2,22:24:8:739,0,8	./.	./.	./.	./.	0/1:74,96:170:99:2879,0,2218	./.	./.	1/1:28,666:694:99:23958,1045,0	./.	./.	./.	NA
chr19	57061888	57061888	ZFP28	./.	0/1:1,5:6:17:165,0,17	1/1:5,80:85:72:2940,72,0	./.	0/1:1,5:6:21:199,0,21	./.	./.	./.	0/1:10,26:36:99:827,0,230	./.	./.	./.	./.	./.	./.	./.	./.	./.	./.	./.	./.	./.	./.	./.	./.	./.	./.	./.	./.	./.	./.	./.	0/1:5,32:37:76:1046,0,76	0/1:13,11:24:99:385,0,421	0/1:15,20:35:99:710,0,440	./.	0/1:16,24:40:99:803,0,450	./.	./.	0/1:3,5:8:63:176,0,63	./.	./.	./.	./.	./.	NA
chr21	45655262	45655262	ICOSLG	./.	./.	./.	./.	./.	./.	./.	./.	0/1:3,15:18:69:580,0,69	./.	./.	./.	./.	./.	./.	./.	./.	./.	./.	./.	./.	./.	./.	./.	./.	./.	./.	./.	0/1:90,43:133:99:1364,0,3047	./.	./.	./.	0/1:3,20:23:48:784,0,48	./.	./.	1/1:0,74:74:99:3044,223,0	./.	./.	./.	./.	./.	./.	./.	1/1:0,4:4:12:175,12,0	./.	NA
